date,open,high,low,close,volume,returns,log_returns,volatility,sma_20,sma_60
2025-03-25,123.5,125.25,122.14,124.14,22251798,0.010336127614551938,0.01028307510602675,0.20832401246028465,121.40849999999998,107.61266666666667
2025-03-26,125.07,125.95,124.99,125.24,8855482,0.008860963428387159,0.008821935472698139,0.2094120045668331,121.777,108.34166666666667
2025-03-27,126.57,127.89,125.22,125.88,32813655,0.0051101884381987706,0.005097175738001281,0.20857656819130146,122.127,109.056
2025-03-28,124.84,125.76,124.25,125.01,18684585,-0.006911344137273567,-0.00693533809373431,0.19919483109449979,122.532,109.71816666666668
2025-03-31,127.26,128.54,125.71,126.74,7572606,0.013838892888568877,0.013744009792899093,0.1983797349101418,123.06500000000001,110.37033333333333
2025-04-01,127.14,128.66,125.58,127.1,8237054,0.0028404607858607545,0.002836434300037392,0.1984278218355165,123.5845,111.01183333333331
2025-04-02,123.76,124.21,122.69,123.88,43517364,-0.025334382376081765,-0.025660823090406258,0.2060168151896655,123.7855,111.60783333333332
2025-04-03,126.03,126.17,125.09,125.13,25842348,0.010090410074265366,0.010039841771961473,0.20698810764640357,124.001,112.219
2025-04-04,126.01,126.7,124.18,125.48,19233709,0.0027970910253336534,0.002793186445513831,0.2069439338618549,124.23149999999998,112.84433333333332
2025-04-07,123.51,124.45,121.6,123.43,25726920,-0.01633726490277332,-0.016472189566640056,0.2058942814242728,124.4635,113.39816666666665
2025-04-08,128.84,130.05,126.37,128.23,43618517,0.03888843879121762,0.03815133271518705,0.2367334132066409,124.81850000000001,114.04316666666666
2025-04-09,131.44,131.71,129.54,131.31,32294091,0.024019340247992016,0.023735413399889344,0.2470283355188937,125.263,114.71533333333332
2025-04-10,130.62,131.88,129.56,130.49,23411331,-0.006244764298225514,-0.0062643443967581175,0.24950678377750704,125.6475,115.36866666666667
2025-04-11,132.5,133.9,131.86,132.32,31333058,0.014024063146601096,0.013926635801225527,0.24380685594840637,125.99300000000001,116.03283333333334
2025-04-14,132.84,134.79,131.43,132.73,40883739,0.0030985489721886417,0.0030937583627297476,0.2425627515221946,126.3,116.71049999999998
2025-04-15,133.51,134.74,132.87,133.54,32967087,0.006102614329842604,0.0060840687916118895,0.2357432627104626,126.72999999999999,117.39133333333332
2025-04-16,133.45,133.62,132.6,133.31,16066984,-0.0017223303878987073,-0.0017238153041370951,0.23624870892933075,127.112,118.0595
2025-04-17,132.74,134.27,131.92,133.0,35030591,-0.0023254069462156357,-0.0023281149038318857,0.22546266129270437,127.58399999999999,118.71633333333332
2025-04-18,135.49,137.11,135.07,135.23,34263802,0.016766917293232986,0.016627904263514577,0.21983886786134846,128.253,119.39783333333334
2025-04-21,137.4,138.13,136.06,137.25,25316691,0.01493751386526676,0.014827047904371749,0.22227237454119078,128.972,120.08833333333332
2025-04-22,137.56,138.55,137.53,137.64,14431022,0.002841530054644714,0.0028375005396395255,0.22176448581416758,129.647,120.76983333333332
2025-04-23,138.54,139.17,137.65,139.06,38026111,0.010316768381284591,0.010263913741592214,0.22213729300475976,130.338,121.43516666666667
2025-04-24,140.09,142.11,139.55,140.08,36369014,0.007334963325183352,0.007308193306724622,0.2222471323990981,131.048,122.0925
2025-04-25,140.48,141.04,140.05,140.11,11957496,0.00021416333523704978,0.00021414040554371117,0.21839610099267917,131.803,122.711
2025-04-28,140.73,141.5,140.3,140.86,16543062,0.005352936978088696,0.005338660934124259,0.21632452021907428,132.509,123.32950000000001
2025-04-29,141.44,143.61,140.78,141.66,28102365,0.005679397983813672,0.00566333100821222,0.2161165718964946,133.237,123.96166666666666
2025-04-30,140.78,142.36,139.99,140.95,26391120,-0.0050120005647324994,-0.005024602765355038,0.1878151650359957,134.0905,124.53816666666667
2025-05-01,138.61,139.47,137.73,138.54,8710476,-0.017098261794962766,-0.01724612496566258,0.20500969227555224,134.76100000000002,125.03266666666667
2025-05-02,138.84,139.8,136.79,139.1,5354047,0.0040421538905730525,0.004034006334938169,0.20486519829249447,135.442,125.51566666666666
2025-05-05,141.17,141.34,140.0,140.77,14778736,0.012005751258087782,0.011934253910476833,0.1893835319908125,136.309,125.999
2025-05-06,137.54,140.34,137.16,138.4,7762203,-0.016835973573914975,-0.016979309656304873,0.1653920296247492,136.8175,126.38966666666666
2025-05-07,139.25,141.3,138.57,139.11,28019806,0.005130057803468313,0.005116943887910066,0.14750128606004523,137.2075,126.81666666666666
2025-05-08,141.12,141.96,139.2,140.77,29128491,0.011933002659765712,0.011862365768394889,0.14661474053131748,137.72150000000002,127.29233333333333
2025-05-09,141.82,143.79,140.01,141.63,46979426,0.00610925623357228,0.006090670386430869,0.14193979408901358,138.18699999999998,127.75883333333333
2025-05-12,138.33,140.33,137.87,138.9,34348222,-0.019275577208218486,-0.019463773466006872,0.16327664075606965,138.4955,128.21033333333332
2025-05-13,138.49,140.46,138.38,138.74,11360683,-0.00115190784737218,-0.0011525718031428149,0.16308097089217827,138.7555,128.59083333333334
2025-05-14,136.66,139.09,134.69,137.19,17847951,-0.011171976358656521,-0.011234851619081769,0.16924567162816187,138.9495,128.89366666666666
2025-05-15,133.35,134.28,132.74,133.55,38559543,-0.02653254610394329,-0.026890886782103482,0.19615624831097175,138.977,129.1205
2025-05-16,136.13,137.6,134.37,136.47,39886947,0.021864470235866573,0.021628870694052393,0.20256882346186758,139.03900000000002,129.38216666666668
2025-05-19,140.26,141.05,138.74,139.92,10604043,0.025280281380523073,0.024966020460324104,0.21525245283776454,139.17249999999999,129.73966666666666
2025-05-20,142.71,143.59,140.78,142.25,9507947,0.01665237278444831,0.016515242296093725,0.2222448599941709,139.403,130.15283333333335
2025-05-21,141.7,142.75,139.95,142.62,38075202,0.002601054481546683,0.002597677593717364,0.21997241529724137,139.58100000000002,130.56533333333334
2025-05-22,144.02,144.17,143.3,144.06,23496711,0.01009676062263365,0.010046128861059374,0.22118314822399449,139.78,130.98499999999999
2025-05-23,142.09,143.8,140.87,142.73,13295038,-0.00923226433430524,-0.00927514581953983,0.22442613238941833,139.911,131.41533333333334
2025-05-26,144.75,146.32,142.98,145.09,43783638,0.0165347158971485,0.0163995058859167,0.23071008712513838,140.1225,131.89883333333333
2025-05-27,145.06,147.63,143.8,145.8,19765323,0.004893514370390761,0.004881580046963969,0.23054172570344078,140.3295,132.38366666666667
2025-05-28,145.1,146.96,143.51,144.03,11930486,-0.01213991769547329,-0.012214208363599138,0.23458219034729852,140.4835,132.78650000000002
2025-05-29,144.09,145.8,143.23,144.52,11000398,0.003402069013400011,0.003396295068480824,0.22445842406620803,140.7825,133.1815
2025-05-30,142.81,143.57,142.16,142.94,41881105,-0.010932742872958867,-0.01099294448760678,0.22908387961999485,140.9745,133.54933333333332
2025-06-02,144.99,146.38,142.43,144.46,14115688,0.010633832377221264,0.010577690830868002,0.22829676730870982,141.15900000000002,133.97716666666668
2025-06-03,142.05,143.73,140.03,142.1,48580079,-0.016336702201301456,-0.01647161751964586,0.22777430576356883,141.344,134.32666666666665
2025-06-04,138.7,139.48,136.81,138.7,15163479,-0.02392681210415204,-0.024217707782269084,0.24425007661928522,141.3235,134.598
2025-06-05,139.96,140.65,139.08,139.13,30025826,0.0031002162941600186,0.0030954205329994577,0.24049328509984733,141.2415,134.87016666666668
2025-06-06,139.68,141.89,138.08,140.55,44781687,0.01020628189463113,0.010154549498755692,0.24241341278986558,141.1875,135.1225
2025-06-09,136.84,137.8,136.02,136.96,19202095,-0.025542511561721826,-0.025874384959108935,0.24983653283277152,141.0905,135.29533333333333
2025-06-10,137.12,137.9,135.11,137.27,6897895,0.0022634345794392274,0.0022608768701362194,0.25002782847177923,141.017,135.50083333333333
2025-06-11,136.65,137.59,135.21,136.73,46470074,-0.003933852990456899,-0.003941610942578062,0.24720145032779528,140.99399999999997,135.68516666666667
2025-06-12,138.24,139.18,136.6,137.75,40015669,0.007459957580633336,0.007432269712033551,0.22757572733220408,141.204,135.92166666666668
2025-06-13,138.73,138.88,137.84,138.77,14954360,0.007404718693285073,0.007377438349895369,0.2160337070486217,141.319,136.20366666666666
2025-06-16,139.26,140.68,137.71,139.03,47141411,0.0018736038048567938,0.0018718507985326864,0.19608990508203475,141.27450000000002,136.473
2025-06-17,137.16,137.98,136.12,137.31,36470508,-0.012371430626483493,-0.012448593847791543,0.1898820702001759,141.0275,136.6925
2025-06-18,137.01,137.77,136.57,137.59,8005308,0.0020391814143179143,0.002037105106064662,0.18972378310013502,140.776,136.89833333333334
2025-06-19,136.22,136.34,134.08,135.7,45369202,-0.013736463405770838,-0.013831681598901737,0.18888657909578227,140.358,137.06199999999998
2025-06-20,134.47,135.13,133.23,134.57,24073922,-0.008327192336035294,-0.00836205708737334,0.18851218590635244,139.95,137.22133333333332
2025-06-23,134.49,136.75,132.6,135.08,24798101,0.003789849149141933,0.0037826857639171323,0.17613243773452866,139.4495,137.36033333333333
2025-06-24,135.43,137.65,134.78,135.69,20848128,0.0045158424637250505,0.004505676640494381,0.1758984192970918,138.94400000000002,137.5035
2025-06-25,133.63,134.87,132.6,133.72,21861466,-0.01451838750092116,-0.014624810605963559,0.1776369369425571,138.42849999999999,137.66750000000002
2025-06-26,134.71,134.92,132.73,134.25,25313982,0.0039635058330840245,0.003955671837076177,0.17794333818827493,137.915,137.8195
2025-06-27,136.45,137.03,134.99,136.2,39990948,0.014525139664804287,0.014420660326437743,0.18679077744421532,137.578,137.99816666666666
2025-06-30,134.06,134.17,132.84,134.16,12583501,-0.0149779735682819,-0.015091276200458541,0.18530433397217513,137.06300000000002,138.17700000000002
2025-07-01,134.89,134.9,132.66,134.51,24228775,0.0026088252832439096,0.002605428205536788,0.1802017361732187,136.6835,138.28166666666667
2025-07-02,137.33,138.56,136.8,137.36,29595983,0.021188015760910117,0.02096667086873006,0.18080484570246216,136.6165,138.38250000000002
2025-07-03,136.99,137.07,135.98,136.98,20847735,-0.0027664531158999583,-0.0027702868194610644,0.1804873897442585,136.509,138.49066666666667
2025-07-04,137.09,137.71,136.48,136.56,23948564,-0.0030661410424878133,-0.003070851283573846,0.17592500518687165,136.3095,138.56133333333335
2025-07-07,140.53,141.95,140.2,140.83,13187794,0.03126830697129468,0.030789410723773773,0.18762697803661796,136.50300000000001,138.69633333333334
2025-07-08,141.1,143.88,140.81,142.0,17823363,0.008307888944116826,0.008273568391301602,0.18919045886885763,136.7395,138.83733333333333
2025-07-09,141.7,142.24,139.8,140.92,15948448,-0.00760563380281698,-0.007634704128223923,0.19109606419486844,136.949,138.96416666666667
2025-07-10,139.46,141.11,138.51,139.75,26458563,-0.008302583025830201,-0.00833724143782829,0.19284504895955887,137.049,139.07666666666665
2025-07-11,138.41,139.82,136.96,138.55,26130118,-0.008586762075134091,-0.008623840726221042,0.19392193139254446,137.038,139.132
2025-07-14,143.43,143.54,141.14,142.13,35702104,0.0258390472753518,0.02551086044193297,0.2145674576097343,137.193,139.2133333333333
2025-07-15,145.9,146.68,143.09,144.59,10886569,0.017308098219939616,0.017160019289114606,0.21555041354573456,137.557,139.32916666666668
2025-07-16,143.7,145.5,141.83,143.46,7246898,-0.00781520160453697,-0.007845900341746568,0.21874942931801306,137.85049999999998,139.40250000000003
2025-07-17,138.79,140.15,137.52,139.06,43417788,-0.030670570193782276,-0.031150756027416633,0.24210425260739013,138.0185,139.3855
2025-07-18,138.83,139.94,137.53,138.01,16562433,-0.00755069754062998,-0.007579348370923187,0.24170865069715058,138.1905,139.3505
2025-07-21,137.38,139.72,137.23,137.8,28563556,-0.0015216288674732015,-0.0015227877203902518,0.24173948711103616,138.3265,139.2995
2025-07-22,138.25,138.49,136.42,137.59,18729413,-0.0015239477503629084,-0.0015251101398331358,0.2415605406711696,138.42149999999998,139.23166666666665
2025-07-23,136.09,136.22,135.48,135.6,49456066,-0.01446326041136714,-0.014568872933429965,0.24151423398658944,138.5155,139.1425
2025-07-24,136.5,136.91,135.07,136.25,43371279,0.0047935103244838295,0.004782058037058314,0.24167598625220582,138.6155,139.10433333333333
2025-07-25,135.54,137.69,134.41,135.83,26010996,-0.0030825688073393698,-0.003087329708953997,0.2364871710591043,138.597,139.04983333333334
2025-07-28,137.64,139.64,136.39,137.5,18420217,0.012294780240005743,0.01221981327222646,0.23341972470396719,138.764,138.99533333333335
2025-07-29,139.46,139.65,138.73,138.99,31735038,0.010836363636363755,0.01077807099004083,0.23583089746670594,138.988,139.00516666666667
2025-07-30,138.49,139.64,136.58,138.69,13418969,-0.0021584286639327877,-0.0021607614284230615,0.22459375842705656,139.05450000000002,138.9981666666667
2025-07-31,136.45,138.07,136.3,137.03,43752678,-0.011969139808205354,-0.012041346710134163,0.2287477937197213,139.05700000000002,138.93583333333333
2025-08-01,138.25,140.24,136.43,138.13,5562574,0.008027439246880208,0.007995390753758816,0.23008611715286764,139.1355,138.8775
2025-08-04,138.79,140.62,138.38,139.2,37621744,0.007746325924853359,0.007716477188450774,0.2020393908273882,139.05400000000003,138.8825
2025-08-05,139.77,141.43,138.97,139.62,23218815,0.0030172413793103647,0.0030126986419361126,0.19983945966777042,138.935,138.89716666666666
2025-08-06,138.65,138.82,137.81,138.78,37392646,-0.00601633003867641,-0.006034501070852553,0.19919696408986326,138.82800000000003,138.92366666666666
2025-08-07,141.07,142.84,139.92,140.82,21345748,0.014699524427150834,0.014592533619584281,0.20420846706482756,138.88150000000002,139.04483333333334
2025-08-08,140.68,142.39,140.38,141.25,42446328,0.0030535435307486036,0.003048890935563308,0.20153136059203336,139.0165,139.1245
2025-08-11,141.68,142.94,141.02,142.02,14112495,0.005451327433628306,0.005436522727397229,0.18011603708498067,139.011,139.15950000000004
2025-08-12,140.81,140.84,140.22,140.44,10568675,-0.011125193634699437,-0.011187541453716173,0.17202092518188497,138.8035,139.12933333333334
2025-08-13,143.28,143.51,141.59,143.19,38107314,0.01958131586442602,0.01939206838568332,0.18543306154727685,138.79000000000002,139.13883333333334
2025-08-14,141.99,142.7,141.25,141.35,14192292,-0.01285005936168726,-0.012933335546315525,0.15460325376661396,138.9045,139.09366666666668
2025-08-15,143.58,145.63,142.46,144.11,24541160,0.01952599929253629,0.019337812710670903,0.16461300822619562,139.2095,139.11666666666667
2025-08-18,141.63,143.72,140.88,141.88,10380826,-0.015474290472555774,-0.015595266944849228,0.17587965973492653,139.4135,139.0631666666667
2025-08-19,142.53,143.32,142.08,142.85,9333544,0.0068367634620807305,0.006813498771361095,0.17646452261054052,139.6765,139.014
2025-08-20,139.93,140.52,139.2,139.56,38472088,-0.023031151557577845,-0.023300512358208677,0.1891873898858254,139.8745,138.9395
2025-08-21,140.33,141.33,138.51,140.32,25547455,0.005445686443106945,0.00543091230529958,0.18935170737053486,140.07800000000003,138.8695
2025-08-22,139.58,140.73,138.14,139.53,6788450,-0.00562998859749142,-0.0056458967197575444,0.19038967848857957,140.26299999999998,138.81266666666667
2025-08-25,138.98,140.66,138.61,138.67,49427873,-0.006163549057550455,-0.006182622138342578,0.18765168509619395,140.3215,138.71616666666665
2025-08-26,139.22,140.17,139.1,139.54,24279104,0.006273887646931708,0.006254288745317782,0.18499536147051815,140.349,138.6735
2025-08-27,141.63,141.71,139.61,141.35,10396166,0.012971191056327935,0.012887785628508844,0.19009491081455718,140.482,138.71766666666664
2025-08-28,142.04,143.86,140.79,142.23,43646967,0.006225680933852118,0.006206381442537284,0.18449643949234898,140.742,138.76933333333332
2025-08-29,144.35,146.25,142.1,144.17,41301811,0.013639879069113459,0.013547693241675797,0.1879996225333908,141.044,138.82966666666667
2025-09-01,144.18,145.01,142.46,143.74,47057898,-0.002982589997919005,-0.002987046783515725,0.18766537499824848,141.271,138.94266666666667
2025-09-02,143.21,143.86,142.73,143.7,17500489,-0.0002782802281898755,-0.0002783189553174055,0.1877167421321102,141.475,139.04983333333334
2025-09-03,144.36,145.03,144.03,144.19,20939384,0.0034098816979819535,0.003404081233576375,0.1856766230284529,141.74550000000002,139.17416666666665
2025-09-04,145.04,146.9,143.0,144.19,26840664,0.0,0.0,0.17955031965824875,141.91400000000002,139.2815
2025-09-05,147.28,148.34,146.88,147.99,23422151,0.026354116096816815,0.026012829595201115,0.20049315574294194,142.251,139.43516666666667
2025-09-08,152.1,152.55,151.77,152.05,44041926,0.02743428610041221,0.027064710209617097,0.21922706531206596,142.7525,139.65216666666666
2025-09-09,151.92,153.79,151.72,152.1,44514865,0.0003288391976321581,0.0003287851418733186,0.21276149945697415,143.3355,139.89866666666666
2025-09-10,153.04,155.28,151.91,152.92,43025944,0.00539119000657462,0.00537670956296487,0.20486591104768395,143.822,140.15416666666667
2025-09-11,151.7,152.93,150.63,151.95,23777174,-0.006343185979597155,-0.006363389465409945,0.1992577317621302,144.352,140.425
2025-09-12,152.66,155.22,152.11,153.25,42516479,0.008555445870352063,0.008519055453518675,0.19134690699336354,144.809,140.73633333333333
2025-09-15,153.32,153.86,152.0,153.57,30406824,0.0020880913539966794,0.002085914321280735,0.1783938921715253,145.3935,141.0445
2025-09-16,150.73,151.7,149.49,149.86,10945381,-0.024158364263853538,-0.024454964201436828,0.2040060233217077,145.74399999999997,141.28066666666666
2025-09-17,145.76,146.32,144.92,145.55,28081804,-0.02876017616442017,-0.02918185474453248,0.2142624909328185,146.0435,141.47783333333334
2025-09-18,146.34,147.37,144.23,146.73,22830209,0.008107179663345843,0.008074493027743195,0.21500583873233714,146.36399999999998,141.68583333333333
2025-09-19,143.21,145.74,141.99,144.13,38178445,-0.017719621072718517,-0.017878493124364042,0.22498809851695997,146.594,141.818
2025-09-22,146.28,147.58,144.24,146.05,14489075,0.013321307153264517,0.013233358738738685,0.22655976600311156,146.963,142.01616666666666
2025-09-23,145.34,146.53,143.96,145.58,30781684,-0.0032180760013693632,-0.003223265143638085,0.22707469809805825,147.26500000000001,142.20066666666665
2025-09-24,146.04,148.09,144.91,145.34,20059262,-0.0016485781013876322,-0.0016499385016220968,0.22379893776243345,147.4645,142.3336666666667
2025-09-25,146.86,148.89,144.98,147.54,39820075,0.015136920324755776,0.015023500267666391,0.2284876154377216,147.73,142.50966666666667
2025-09-26,145.95,146.19,145.48,145.98,13676494,-0.010573403822692118,-0.01062969943266992,0.2281983774879389,147.82049999999998,142.66666666666666
2025-09-29,144.86,146.21,144.05,144.49,48918802,-0.010206877654473034,-0.010259325017966173,0.23117540922029162,147.858,142.72766666666666
2025-09-30,141.47,143.38,140.23,141.41,39070651,-0.021316354072946297,-0.02154682868583484,0.24367111958915474,147.74349999999998,142.71783333333332
2025-10-01,145.9,147.62,145.1,146.21,26960714,0.03394385121278565,0.0333804721096616,0.2728448392218194,147.84449999999998,142.806
2025-10-02,149.99,152.03,149.59,149.88,40399312,0.025100882292592663,0.02479102949613984,0.2860532585578691,148.129,142.97483333333332
2025-10-03,144.95,146.82,144.94,145.29,41431076,-0.030624499599679722,-0.031103228842239136,0.2933613755789004,147.994,143.08716666666666
2025-10-06,146.97,148.99,146.72,147.85,48958923,0.01761993254869565,0.017466501215238704,0.28272776955667484,147.784,143.18249999999998
2025-10-07,148.27,149.08,146.63,147.72,48453793,-0.0008792695299290054,-0.0008796563141237948,0.2826708765193752,147.565,143.23466666666667
2025-10-08,144.19,145.42,142.68,144.21,17830544,-0.023761169780666114,-0.024048019410383422,0.2922834815720016,147.12949999999998,143.24716666666666
2025-10-09,143.19,146.12,141.73,144.35,5579968,0.0009708064627971247,0.0009703355349648977,0.2922495465058204,146.7495,143.33533333333335
2025-10-10,147.22,149.05,145.36,147.12,25532393,0.019189470038101897,0.01900767418712161,0.2998754322820113,146.443,143.48716666666667
2025-10-13,148.23,149.34,148.07,148.21,40017380,0.00740891789015774,0.0073816066727580175,0.30139768335468825,146.175,143.66066666666666
2025-10-14,147.16,148.5,146.56,147.47,48988523,-0.004992915457796454,-0.005005421705974243,0.2898310076415152,146.0555,143.8253333333333
2025-10-15,151.32,152.43,148.69,150.55,23651053,0.020885603851630963,0.02067048966489349,0.27934201140205533,146.3055,144.07450000000003
2025-10-16,154.79,156.44,152.49,154.21,49536751,0.024310860179342475,0.024020054941822286,0.28988823907749034,146.67950000000002,144.37383333333335
2025-10-17,154.06,155.28,152.62,153.92,25404891,-0.0018805524933533935,-0.0018823229521688753,0.28042643781283894,147.169,144.67533333333333
2025-10-20,156.42,157.27,154.58,155.63,20170986,0.011109667359667341,0.011048408299522255,0.27950112028555085,147.648,144.97750000000002
2025-10-21,153.54,155.96,151.66,154.41,34884311,-0.007839105570905391,-0.007869992884145824,0.2814115128142353,148.0895,145.2345
2025-10-22,152.92,155.1,152.9,153.1,6197031,-0.008483906482740777,-0.008520099669134801,0.2839748428377735,148.47750000000002,145.47466666666665
2025-10-23,155.49,157.39,154.38,155.59,48918548,0.01626387981711308,0.016133039663233387,0.2846538807246366,148.88000000000002,145.784
2025-10-24,156.09,156.28,154.4,155.23,47777830,-0.0023137733787519377,-0.0023164542885194886,0.2809887000088177,149.3425,146.06900000000002
2025-10-27,155.29,156.17,154.13,155.48,25683489,0.001610513431681948,0.0016092179456703663,0.2765929280833365,149.892,146.34033333333335
2025-10-28,153.18,153.91,151.51,153.14,16943245,-0.015050167224080258,-0.01516457029904502,0.26985346668645055,150.4785,146.5656666666667
2025-10-29,148.51,149.23,146.94,147.62,41883254,-0.03604544860911574,-0.036711131343070996,0.2814069101475047,150.549,146.71300000000002
2025-10-30,148.23,150.06,146.53,148.26,18226340,0.004335455900284391,0.004326084886667304,0.2667277564821602,150.468,146.83700000000002
2025-10-31,145.88,147.28,145.65,146.02,45860161,-0.015108593012275628,-0.015223890600633908,0.24847671457423834,150.50449999999998,146.91649999999998
2025-11-03,146.03,147.85,144.81,146.56,46776386,0.003698123544719767,0.0036913022978803103,0.24044032046068373,150.44,146.9921666666667
2025-11-04,146.49,147.56,145.63,146.93,9657790,0.002524563318777373,0.0025213819620348685,0.24064041620731813,150.40050000000002,147.1003333333333
2025-11-05,147.24,147.56,146.6,147.08,46617558,0.0010208943034097917,0.001020373545216337,0.22389771447926282,150.544,147.1651666666667
2025-11-06,147.23,148.93,145.12,146.68,49074404,-0.002719608376393845,-0.0027233132299460407,0.2243045858753677,150.6605,147.254
2025-11-07,147.02,148.07,146.51,146.79,45988902,0.0007499318243795461,0.0007496507660165667,0.21365605715431737,150.644,147.29866666666666
2025-11-10,144.57,145.23,142.19,144.28,8166597,-0.017099257442604987,-0.017247137933803544,0.21996300552420123,150.4475,147.33866666666668
2025-11-11,146.58,147.88,145.68,146.2,26089080,0.01330745772109787,0.01321969128033989,0.225359983132405,150.38400000000001,147.3945
2025-11-12,144.59,146.75,143.36,144.75,40055500,-0.00991792065663466,-0.009967430862573417,0.21307820755699483,150.094,147.48100000000002
2025-11-13,144.01,144.45,142.21,144.36,46446045,-0.0026943005181345736,-0.002697936678516663,0.18929367198066793,149.6015,147.54833333333332
2025-11-14,141.73,142.69,140.91,142.46,7049541,-0.01316154059296204,-0.013248921224380067,0.19243903299441423,149.02849999999998,147.59716666666665
2025-11-17,138.19,140.81,137.24,138.77,44663290,-0.025902007581075415,-0.026243372167288677,0.19915867628885867,148.1855,147.59883333333335
2025-11-18,137.15,139.08,135.31,136.87,48357672,-0.013691720112416261,-0.013786316159744188,0.20108948800330628,147.3085,147.55433333333335
2025-11-19,137.89,140.4,137.4,138.7,49962264,0.013370351428362515,0.013281757097610794,0.21207678312486397,146.5885,147.51016666666663
2025-11-20,137.11,137.67,135.6,137.15,48320902,-0.011175198269646636,-0.011238109937173581,0.19774143814108006,145.6665,147.42549999999997
2025-11-21,135.24,136.41,134.4,135.41,8154679,-0.012686839227123659,-0.012768004388879624,0.19845529361048314,144.6755,147.2795
2025-11-24,134.9,135.71,134.1,134.5,12933543,-0.006720330847057032,-0.006743013952838836,0.19599859445530987,143.62650000000002,147.1255
2025-11-25,133.61,133.93,133.61,133.71,29001391,-0.005873605947955385,-0.005890923415319648,0.19378599643437838,142.655,146.959
2025-11-26,132.91,135.17,131.76,133.53,29438745,-0.0013461969934934759,-0.001347103930701593,0.16032275849334107,141.9505,146.78133333333335
2025-11-27,134.01,134.4,133.35,133.7,32148507,0.001273122144836325,0.001272312412024807,0.15832530176703533,141.22250000000003,146.60649999999998
2025-11-28,132.04,133.69,131.64,132.33,47624808,-0.010246821241585491,-0.010299681322939291,0.15516105351971116,140.538,146.3455
2025-12-01,132.48,133.07,131.49,132.66,41136841,0.0024937655860348684,0.0024906613124518304,0.15433624149365105,139.843,146.02233333333334
2025-12-02,132.12,132.74,129.66,131.35,17429692,-0.009874868083823318,-0.009923947965861067,0.15266534196833595,139.06400000000002,145.6765
2025-12-03,134.2,134.47,134.09,134.12,34839588,0.021088694328130986,0.020869405466478957,0.17853846333963572,138.416,145.36316666666667
2025-12-04,133.22,134.91,131.45,133.47,6008370,-0.004846406203399933,-0.004858188111967674,0.178410203760933,137.7555,145.05516666666665
2025-12-05,131.66,132.97,130.1,131.17,36142102,-0.01723233685472403,-0.017382541659005907,0.18256473049902286,136.97449999999998,144.68716666666666
2025-12-08,132.15,134.36,131.13,132.55,23234523,0.010520698330411138,0.01046574090798044,0.1856824346975374,136.388,144.33683333333332
2025-12-09,134.31,134.77,133.09,133.98,20175610,0.010788381742738329,0.010730602345086706,0.18273020630561962,135.77700000000002,144.07216666666667
2025-12-10,133.0,134.95,132.41,133.5,7964895,-0.0035826242722794,-0.003589057239817244,0.1815228709486319,135.2145,143.87133333333335
2025-12-11,134.65,134.87,133.51,134.42,18011561,0.006891385767790137,0.006867748701515464,0.18556387836306,134.7175,143.6661666666667
2025-12-12,136.78,138.4,135.63,136.56,12398942,0.01592024996280328,0.015794851944365487,0.19399450361443432,134.4225,143.54
2025-12-15,137.36,139.13,135.09,137.1,29117183,0.003954305799648505,0.003946508082083533,0.1731143980498706,134.339,143.39083333333335
2025-12-16,138.87,141.04,138.75,139.25,21127313,0.01568198395331888,0.015560292239124827,0.17492686250681727,134.458,143.28533333333334
2025-12-17,138.75,139.49,138.3,138.83,38612850,-0.003016157989227941,-0.003020715760682336,0.1690291092425541,134.4645,143.17683333333335
2025-12-18,137.68,138.6,136.79,137.87,29747717,-0.006914931931138901,-0.006938950863173467,0.16590739594353623,134.5005,143.01566666666665
2025-12-19,135.58,136.86,134.68,135.67,26020569,-0.015957060999492345,-0.016085745686320492,0.16966955766789293,134.5135,142.84383333333332
2025-12-22,139.08,140.1,136.91,138.93,13397836,0.024028893638976978,0.02374474266355312,0.18734277534799829,134.73499999999999,142.75116666666665
2025-12-23,139.3,141.13,139.04,139.26,28020545,0.0023752969121138,0.002372480353630174,0.1852031356440698,135.0125,142.71533333333335
2025-12-24,141.25,141.68,140.37,141.22,5111833,0.014074393221312764,0.013976268573800223,0.18943799617290652,135.397,142.63216666666665
2025-12-25,142.15,142.53,140.33,142.11,18016449,0.0063022234810934386,0.0062824475155694275,0.18971628693356316,135.8175,142.50266666666667
2025-12-26,144.91,146.83,144.86,145.03,6078856,0.020547463232706953,0.020339211968388466,0.1924055267460653,136.45250000000001,142.49833333333336
2025-12-29,145.39,146.57,145.34,145.54,44410402,0.003516513824725953,0.003510345346781751,0.19228686463907205,137.09650000000002,142.45983333333334
2025-12-30,146.0,146.63,145.07,145.78,23778583,0.001649031194173478,0.001647673035126556,0.1849002775785123,137.81799999999998,142.42749999999998
2025-12-31,145.21,146.88,143.93,144.94,11135268,-0.005762107284949969,-0.005778772272931578,0.17893925608512565,138.35899999999998,142.43966666666668
2026-01-01,147.73,149.38,147.1,147.59,18767376,0.01828342762522417,0.018118295512549107,0.18266077334301642,139.065,142.49366666666666
2026-01-02,149.59,150.46,148.76,149.93,11982562,0.01585473270546789,0.0157303593131273,0.16599767895678635,140.003,142.5405
2026-01-05,149.07,149.64,148.97,149.46,36555550,-0.0031347962382445305,-0.0031397200046677527,0.16894303950292008,140.8485,142.56133333333335
2026-01-06,147.45,149.93,147.25,148.08,8784937,-0.009233239662785997,-0.009276130236901955,0.17632184600191586,141.55349999999999,142.57150000000001
2026-01-07,149.2,149.23,148.92,149.08,5284735,0.006753106428957212,0.006730406345815491,0.1733841252508087,142.33249999999998,142.547
2026-01-08,152.2,153.45,149.75,151.82,31998714,0.01837939361416674,0.018212533977564338,0.1792241176838223,143.20250000000001,142.50716666666668
2026-01-09,156.2,156.22,155.7,156.08,24695564,0.02805954419707568,0.02767308772623381,0.19266370435159313,144.17849999999999,142.54316666666668
2026-01-12,155.97,156.93,153.78,156.57,6002893,0.003139415684264346,0.0031344980085756527,0.1928434066825299,145.152,142.55883333333333
2026-01-13,155.95,158.32,154.22,156.33,22699215,-0.001532860701283667,-0.0015340367341985038,0.19192532034652446,146.006,142.5908333333333
2026-01-14,156.05,156.23,153.49,155.37,33223513,-0.006140855881788587,-0.006159788485323228,0.19415186604276669,146.833,142.62866666666667
2026-01-15,156.72,158.85,154.46,157.09,43910211,0.011070348201068336,0.011009520407938522,0.18906464630684244,147.794,142.65366666666668
2026-01-16,157.56,159.5,156.83,157.77,39630555,0.004328728754217304,0.004319386757514103,0.16966156827238021,148.899,142.696
2026-01-19,161.71,161.71,159.72,161.49,21297883,0.023578627115421247,0.023304944971613152,0.1690908354619681,150.02700000000002,142.79616666666666
2026-01-20,164.97,166.72,162.7,164.51,46684751,0.018700848349742838,0.018528137390353232,0.17229326350443414,151.2895,142.98566666666667
2026-01-21,169.72,171.47,167.2,169.29,25546330,0.029055984438635996,0.028641862017829433,0.18643881625973688,152.693,143.34683333333334
2026-01-22,167.77,169.4,165.79,167.85,14765443,-0.008506113769271684,-0.00854249722311449,0.19659411142279135,153.98,143.67333333333332
2026-01-23,162.83,165.08,160.66,162.99,29631553,-0.028954423592493228,-0.02938187419450246,0.23154642520672464,154.878,143.9561666666667
2026-01-26,163.23,163.69,162.23,162.89,48373519,-0.0006135345726733243,-0.0006137228620278817,0.23258513782582124,155.7455,144.22833333333332
2026-01-27,163.37,165.25,162.71,164.06,44059815,0.007182761372705571,0.0071570882050902285,0.23212041750840443,156.6595,144.51383333333337
2026-01-28,161.65,163.4,159.52,161.43,31427690,-0.016030720468121373,-0.01616060240516582,0.24170081187197656,157.484,144.753
2026-01-29,159.76,163.07,157.73,161.0,16639566,-0.0026636932416527204,-0.002667247184974964,0.2384355288167134,158.1545,144.99166666666667
2026-01-30,159.24,161.77,158.39,159.44,49943981,-0.009689440993788878,-0.009736689079923776,0.23948952447077543,158.63000000000002,145.2025
2026-02-02,161.64,163.0,160.86,161.44,12266517,0.012543903662819877,0.012465880700759555,0.24046449374498874,159.22899999999998,145.4885
2026-02-03,158.57,160.5,157.03,159.47,19791789,-0.012202675916749284,-0.01227773984541799,0.24284640985674283,159.79850000000002,145.70966666666666
2026-02-04,156.35,156.82,155.81,156.01,22141237,-0.021696870884805985,-0.021935709000722885,0.2587692003086315,160.145,145.89733333333334
2026-02-05,155.96,157.69,154.91,155.55,46110487,-0.0029485289404523884,-0.002952884415511872,0.25229519604041784,160.3315,146.0838333333333
2026-02-06,162.08,162.56,160.77,162.04,47429169,0.04172291867566691,0.040875994990843705,0.2751208886490335,160.6295,146.41016666666667
2026-02-09,162.92,164.07,160.49,162.42,22453195,0.002345099975314735,0.0023423545197750056,0.2750923619507545,160.922,146.80433333333335
2026-02-10,162.69,163.14,161.71,162.01,7102944,-0.002524319665065833,-0.0025275111319379455,0.2752826079770581,161.206,147.22333333333333
2026-02-11,157.78,159.38,157.16,157.98,17105485,-0.02487500771557316,-0.02518961898605384,0.29019384907388557,161.3365,147.54466666666667
2026-02-12,159.54,160.99,159.16,159.93,25330107,0.012343334599316469,0.012267776766506411,0.290814782109903,161.4785,147.92433333333335
2026-02-13,165.64,165.82,165.3,165.71,29645992,0.036140811605077205,0.035503053138923074,0.31636567117292114,161.87550000000002,148.42933333333332
2026-02-16,164.58,165.58,162.2,165.05,9959190,-0.003982861625731693,-0.00399081434250041,0.30717145125702505,162.05349999999999,148.9385
2026-02-17,160.39,162.83,160.25,160.96,34758366,-0.024780369584974316,-0.0250925713878277,0.31315867687344345,161.876,149.39266666666666
2026-02-18,162.35,163.24,160.81,162.02,37615133,0.006585487077534813,0.006563897490970821,0.29422925491796237,161.5125,149.86749999999998
2026-02-19,163.52,163.8,162.3,163.44,6124725,0.008764350080237016,0.00872616610702144,0.2955711273468379,161.292,150.36316666666667
2026-02-20,165.78,167.19,164.58,165.93,15531984,0.015234948604992748,0.015120062165329814,0.28176951192420574,161.439,150.92316666666667
2026-02-23,165.49,168.45,165.04,166.11,10452363,0.0010847947929850665,0.0010842068282892329,0.28170158441904025,161.6,151.48066666666668
2026-02-24,164.51,165.56,164.08,164.14,32517745,-0.011859611101077805,-0.011930497301420116,0.2843697144710933,161.60399999999998,152.0271666666667
2026-02-25,166.95,168.45,164.66,167.61,9808684,0.021140489825758557,0.02092012993760156,0.2868725905981319,161.91299999999998,152.58533333333332
2026-02-26,165.34,166.42,163.1,165.47,15243736,-0.012767734622039395,-0.012849942635414365,0.2912754106190521,162.1365,153.11866666666668
2026-02-27,166.98,168.04,164.58,166.46,34761555,0.005982957635825237,0.005965130814196219,0.2885695778083386,162.4875,153.70683333333332
2026-03-02,164.22,167.01,164.06,165.3,10488623,-0.006968641114982521,-0.006993035490970525,0.287704733673749,162.6805,154.2526666666667
2026-03-03,164.38,166.7,164.13,165.13,5221713,-0.0010284331518451983,-0.0010289623520815963,0.28343253525333445,162.9635,154.77183333333332
2026-03-04,164.01,166.06,163.29,164.45,9350975,-0.004117967661842248,-0.004126469839831053,0.27060368654066197,163.3855,155.28766666666667
2026-03-05,163.18,164.51,160.77,163.49,16037987,-0.005837640620249163,-0.005854746247744698,0.27160657593820425,163.7825,155.77216666666666
2026-03-06,161.2,162.15,158.53,160.77,32055056,-0.016637103186739277,-0.016777054212452572,0.2369931461194579,163.719,156.17566666666664
2026-03-09,161.67,163.11,158.91,161.17,40538900,0.0024880263730793217,0.0024849363597579167,0.23701474871881273,163.6565,156.57683333333333
2026-03-10,158.24,160.4,157.27,158.03,5551632,-0.01948253397034183,-0.019674820113614298,0.24659434020181709,163.4575,156.8898333333333
2026-03-11,159.78,162.0,158.85,159.91,27225683,0.011896475352781044,0.011826268550338252,0.2338445238857454,163.55400000000003,157.24116666666666
2026-03-12,158.35,159.6,157.41,157.75,36554063,-0.013507598023888456,-0.013599655550028192,0.23478948864438226,163.445,157.57250000000002
2026-03-13,159.71,161.11,157.64,160.33,28227258,0.01635499207606972,0.01622268977942344,0.20195206317292932,163.176,157.9835
2026-03-16,160.72,161.7,158.22,160.49,48499113,0.0009979417451506656,0.0009974441323188702,0.20193731592015424,162.948,158.34283333333332
2026-03-17,160.84,162.27,158.28,160.29,40579922,-0.0012461835628388984,-0.0012469606952752483,0.18197072739596476,162.9145,158.69333333333333
2026-03-18,161.11,162.69,158.62,160.56,18891349,0.0016844469399215356,0.0016830298502931785,0.18039080728319432,162.8415,159.01566666666668
2026-03-19,161.92,162.61,161.73,161.97,28326005,0.008781763826606781,0.008743428410222508,0.18040253969536632,162.768,159.34666666666666
2026-03-20,161.01,161.69,160.67,160.72,13225305,-0.007717478545409606,-0.007747412391626292,0.17224861291721402,162.5075,159.60816666666668
2026-03-23,162.14,164.25,161.21,162.17,35521864,0.009021901443504232,0.008981447224604049,0.1761123335669954,162.3105,159.88533333333334
2026-03-24,160.61,162.51,159.44,160.47,25725089,-0.010482826663377853,-0.010538158520014515,0.17506566398928616,162.127,160.13016666666667
2026-03-25,157.12,158.14,154.61,156.84,8156759,-0.02262105066367548,-0.02288083178713756,0.1702721990859724,161.5885,160.3285
2026-03-26,160.79,161.54,159.29,161.03,36506170,0.026715123692935494,0.026364505605773768,0.1966654056039296,161.3665,160.55250000000004
2026-03-27,160.66,162.36,158.19,159.94,25447648,-0.006768925045022689,-0.006791938126160809,0.19562031710226724,161.0405,160.71933333333334
2026-03-30,157.11,158.08,156.49,157.9,7333418,-0.012754783043641305,-0.012836823642147383,0.19865411948098455,160.6705,160.86
2026-03-31,159.84,161.35,157.77,158.73,42029982,0.005256491450284839,0.005242724322553491,0.20039626804343968,160.35049999999998,161.0375
2026-04-01,164.91,167.6,163.58,165.38,31775071,0.041895041895041896,0.041041210709870594,0.25323267192448723,160.397,161.30916666666664
2026-04-02,164.31,165.59,162.46,163.92,41711513,-0.00882815334381426,-0.00886735236337634,0.25442961351368504,160.4185,161.51083333333332
2026-04-03,165.03,167.38,163.36,165.41,45285792,0.00908979990239156,0.009048736323485608,0.24808878657215017,160.6505,161.6663333333333
2026-04-06,166.8,168.3,164.57,166.94,8048090,0.009249743062692772,0.009207226168460895,0.24958849413156917,160.939,161.83916666666667
2026-04-07,165.82,166.18,163.75,165.48,42164042,-0.00874565712231945,-0.0087841248293799,0.24013252481273323,161.3115,161.99166666666667
2026-04-08,165.21,167.43,164.28,165.59,26971710,0.0006647328982354317,0.0006645120611821172,0.23754543607281442,161.5955,162.16199999999998
2026-04-09,162.47,162.89,161.74,162.49,16167667,-0.01872093725466506,-0.018898392239707892,0.2426816289496271,161.83249999999998,162.25199999999998
2026-04-10,162.5,164.29,162.11,162.2,27253924,-0.0017847252138594172,-0.001786319733372461,0.23650877984118562,161.926,162.32583333333332
2026-04-13,165.98,166.36,165.04,165.74,25405415,0.021824907521578396,0.02159015373958397,0.2481432620141391,162.1885,162.39666666666665
2026-04-14,168.41,168.98,166.25,168.5,42446287,0.016652588391456336,0.016515454371519835,0.2533785561407429,162.599,162.46316666666664
2026-04-15,168.48,170.02,166.0,168.95,15510500,0.0026706231454005636,0.0026670633678825078,0.25335441054992436,163.01850000000002,162.4575
2026-04-16,171.99,173.12,170.1,172.35,36486266,0.020124297129328284,0.019924479802575504,0.26009304879131223,163.5375,162.53249999999997
2026-04-17,172.35,172.78,170.65,171.9,13960116,-0.0026109660574411553,-0.0026143805740707093,0.25786254540415965,164.09650000000002,162.681
2026-04-20,169.25,170.28,166.83,169.23,39855905,-0.015532286212914581,-0.015654175968809247,0.26549607829796756,164.4495,162.7866666666667
2026-04-21,168.75,169.35,168.56,168.99,35764126,-0.0014181882644920263,-0.001419194845262045,0.26164542873619656,164.8755,162.86883333333333
2026-04-22,170.64,172.67,169.17,170.64,35514516,0.00976389135451794,0.00971653258836276,0.24475604579273916,165.5655,163.02233333333334
2026-04-23,172.95,174.75,171.16,172.26,28151659,0.009493670886076,0.00944888919793251,0.23112692977236754,166.127,163.21
2026-04-24,171.24,173.07,171.18,171.33,30322970,-0.005398815743643204,-0.005413442016146219,0.23037136800534302,166.6965,163.40816666666666
2026-04-27,169.91,171.1,168.48,170.07,10054108,-0.007354228681491937,-0.0073814043405593,0.2260607577651431,167.305,163.552
2026-04-28,170.41,173.13,169.4,171.11,39335197,0.0061151290645029555,0.006096507539557132,0.2261539234300715,167.924,163.746
2026-04-29,176.5,176.9,174.31,176.01,25510120,0.028636549587984117,0.02823418706199895,0.1999569093593916,168.4555,164.07933333333332
2026-04-30,174.57,176.31,173.31,175.13,12546016,-0.004999715925231518,-0.005012256321305157,0.19734862630317163,169.01600000000002,164.40566666666666
2026-05-01,175.54,177.16,173.5,175.82,15857625,0.0039399303374636485,0.003932189138459532,0.1962179153942556,169.5365,164.63533333333334
2026-05-04,175.37,176.05,173.92,175.19,31475532,-0.003583210101239853,-0.0035896451753018497,0.19619573986209451,169.949,164.84816666666666
2026-05-05,174.13,176.61,173.35,174.74,43854576,-0.002568639762543512,-0.002571944377782077,0.19269934510257292,170.412,165.06033333333332
2026-05-06,179.16,180.64,176.7,179.36,27789984,0.026439281217809363,0.02609580445390128,0.20987279724735566,171.10049999999998,165.41666666666666
2026-05-07,183.69,184.41,183.4,183.62,31297465,0.02375111507582517,0.023473445391704175,0.20268755137038677,172.157,165.8115
2026-05-08,186.67,188.74,184.82,186.07,16336385,0.0133427731183966,0.013254542283995982,0.2018869071073744,173.35049999999998,166.15083333333334
2026-05-11,183.84,184.43,181.82,183.29,32413503,-0.01494061374751443,-0.015053349015793574,0.20807944549574553,174.228,166.4548333333333
2026-05-12,183.64,183.92,182.76,183.63,13712663,0.0018549839052868222,0.0018532655473317875,0.20379314012672645,174.9845,166.83266666666668
2026-05-13,178.13,181.35,178.06,178.79,19604515,-0.026357349017045117,-0.02671093076735941,0.23123529087239697,175.4765,167.11216666666667
2026-05-14,177.35,178.56,176.8,177.4,45226959,-0.007774484031545348,-0.00780486288824957,0.22484618892713568,175.72899999999998,167.3448333333333
2026-05-15,176.07,177.39,174.14,175.8,34879979,-0.009019165727170209,-0.009060084624402465,0.22754960736728036,175.92399999999998,167.50933333333333
2026-05-18,169.49,170.83,168.24,169.24,33185781,-0.03731513083048921,-0.03802915939920991,0.2596862319702997,175.92450000000002,167.5615
2026-05-19,165.98,167.03,165.29,166.11,43664128,-0.01849444575750414,-0.01866760634888123,0.26797861942573153,175.78050000000002,167.59433333333334
2026-05-20,164.43,164.58,161.32,163.77,49103343,-0.014087050749503338,-0.01418721504120957,0.26897059435572024,175.437,167.53033333333332
2026-05-21,163.06,164.04,162.11,163.51,8305079,-0.0015875923551322835,-0.001588853915280952,0.2655910048589229,174.99949999999998,167.49766666666665
2026-05-22,166.5,167.22,164.84,166.29,35958222,0.0170020182251851,0.01685910155332804,0.274081944971671,174.7475,167.49483333333333
2026-05-25,164.49,166.16,162.3,164.82,31715056,-0.008839978351073419,-0.008879282764585507,0.27456394921198984,174.48499999999999,167.48683333333332
2026-05-26,162.63,164.51,160.98,162.08,38213134,-0.016624196092707044,-0.016763928834864092,0.27812376976350844,174.0335,167.436
2026-05-27,163.0,163.22,162.22,162.35,41825359,0.001665844027640473,0.0016644580484815115,0.25337395985487654,173.35049999999998,167.40099999999998
2026-05-28,160.82,162.01,159.13,161.15,16653461,-0.007391438250692883,-0.007418890287408038,0.25365249676840734,172.6515,167.362
2026-05-29,158.79,159.85,156.77,158.9,32334276,-0.013962147067949071,-0.014060534718776515,0.2541520464816783,171.8055,167.33083333333335
2026-06-01,154.23,156.07,153.95,154.11,33095097,-0.030144745122718586,-0.030608440395384007,0.2693282906640374,170.75150000000002,167.2131666666667
2026-06-02,154.42,155.99,154.11,154.98,49201969,0.005645318279151157,0.005629443188517848,0.2723793514682707,169.7635,167.16233333333332
2026-06-03,150.31,152.45,148.23,150.31,18751526,-0.03013292037682269,-0.03059624819066922,0.2570466501016007,168.311,167.00233333333333
2026-06-04,151.69,152.64,150.61,151.87,35797866,0.010378550994611047,0.010325063597043743,0.23838087708450048,166.7235,166.90433333333334
2026-06-05,153.45,155.17,151.95,153.73,17573414,0.012247316784091522,0.012172925182329309,0.2370262934668793,165.1065,166.79433333333333
2026-06-08,157.23,157.8,155.93,156.89,25290140,0.02055551941715983,0.020347105920356004,0.25852356647770014,163.7865,166.73433333333335
2026-06-09,156.24,157.48,155.81,156.4,25594143,-0.003123207342724088,-0.003128094733653361,0.25670141529498963,162.425,166.6695
2026-06-10,153.03,154.48,152.53,153.0,6600621,-0.021739130434782594,-0.02197890671877523,0.2527831463789723,161.1355,166.54350000000002
2026-06-11,150.9,152.35,150.77,151.12,18706797,-0.012287581699346406,-0.012363698199181351,0.2533227371853636,159.8215,166.36266666666668
2026-06-12,152.88,153.31,149.82,151.43,41658093,0.002051349920592971,0.002049248775310083,0.2556892908043626,158.603,166.20783333333333
