date,open,high,low,close,volume,returns,volatility,sma_20,sma_60,rsi
2025-01-01,1805.4020517194265,1832.7480272271596,1772.313245082684,1802.483001682878,2090793,,,,,
2025-01-02,1805.5044635694987,1842.0753072311923,1791.792409555015,1814.5656901014786,5142723,0.006703357761110418,,,,
2025-01-03,1810.1818138965646,1811.0358248580494,1762.094718650077,1795.0302587226463,9982590,-0.010765899237155652,,,,
2025-01-04,1813.3648059388695,1814.7026925437658,1787.909315592553,1796.6629502799437,4537887,0.0009095621365509121,,,,
2025-01-05,1761.5992209642689,1786.3906759218573,1739.1078854587267,1763.6550304416082,1690109,-0.01837179301392755,,,,
2025-01-06,1770.4691968038692,1804.516191265909,1754.1451989040959,1783.357112210684,3794474,0.011171165238670566,,,,
2025-01-07,1808.5438221648183,1801.6965716214506,1784.9659931991077,1792.4836613128314,7854069,0.00511762284718964,,,,
2025-01-08,1876.5612471112386,1877.0738242495165,1829.5535852221183,1858.275830037869,4340207,0.03670447332102911,,,,
2025-01-09,1891.2735165125298,1895.91839596382,1888.065326361682,1889.7352816477414,5892184,0.016929376738022528,,,,
2025-01-10,1862.3003723787174,1853.6908071940531,1834.3665028614905,1848.1010730550079,4022946,-0.022031767622198828,,,,
2025-01-11,1836.6026661891276,1857.6107298094726,1802.219506523159,1832.7478008261226,1989968,-0.008307593373941158,,,,
2025-01-12,1806.4874475578295,1839.0956872214913,1786.4825189365536,1819.089020985088,1933973,-0.0074526237788297145,,,,
2025-01-13,1866.161647654453,1866.3255282109258,1843.0517217319843,1865.4009675006484,9643614,0.025458867587734302,,,,
2025-01-14,1886.5515402380936,1885.4185195544342,1848.7087901605757,1878.4556866323774,7152826,0.00699834478440331,,,,61.78412208783437
2025-01-15,1856.5359370596861,1884.9207181503855,1833.3780549606236,1860.266475262084,6491975,-0.009683066520936867,,,,58.48406699985706
2025-01-16,1828.1956199290446,1849.0866790376735,1838.8062841442766,1842.6750763238938,9458863,-0.009456386583385545,,,,54.0614651037044
2025-01-17,1958.0525518042955,1945.3296387686196,1938.9397001705513,1940.0767634594413,2137435,0.052858850910309396,,,,67.10792647475466
2025-01-18,2003.4400900748337,2022.1877269295421,2007.4739902639608,2011.9360536749741,3377655,0.03703940564052588,,,,71.78248408037669
2025-01-19,1997.634397658978,1997.797306257606,1969.8875106452588,1997.4401845272296,7966440,-0.007204935326481476,,,,74.57633478741292
2025-01-20,2041.30349492923,2069.537316300456,2035.3271120748188,2048.3617431710736,3694497,0.025493408532729855,,1862.039983092781,,76.14230766704776
2025-01-21,2130.985592106638,2136.57302449769,2077.5140471722734,2113.8876808718283,2315295,0.03198943639677321,0.020924622229639103,1877.6102170522286,,78.53122991453793
2025-01-22,2129.642035475655,2145.438211524381,2127.549784418733,2128.140806886204,1330104,0.006742612743027676,0.020924475802271313,1893.2889728914647,,76.36891362207678
2025-01-23,2150.8222431084723,2158.02894506036,2136.9670694717593,2146.010433737871,2818500,0.008396825432718025,0.020443177333596622,1910.8379816422262,,75.72420569014234
2025-01-24,2102.0302358804693,2153.3773076018833,2096.962879682331,2121.097908943456,3649588,-0.011608762195542188,0.02089586995894991,1927.059729575402,,78.35453179969674
2025-01-25,2059.354199900406,2086.032223635715,2016.372751868686,2047.6898267065683,2089943,-0.034608530764830614,0.0222668657710758,1941.2614693886494,,69.9221918912141
2025-01-26,2019.3707297901312,2038.0314674777246,2025.0824976362444,2033.954332640015,1979735,-0.006707800120609564,0.022479210566442333,1953.7913304101162,,69.91224986371374
2025-01-27,2053.789186400685,2093.295646998233,2027.777596132951,2058.0199574996373,5916246,0.011831939622944043,0.02250236339962392,1967.0681452194563,,68.61829611314413
2025-01-28,2033.5183582270438,2025.4612881445773,2014.3653535368032,2021.556284701279,1558543,-0.017717842174212572,0.02202833512075653,1975.2321679526272,,63.23307036888992
2025-01-29,2066.086062781204,2115.7329912744676,2041.3721636400053,2077.891781827611,2409722,0.027867389868225345,0.022485556449708174,1984.6399929616207,,68.79841888147328
2025-01-30,2023.998257766372,2034.9271378516287,2000.9826382957906,2029.441691842197,4766005,-0.02331694576644383,0.022568541172964612,1993.7070239009797,,65.31631976233317
2025-01-31,2023.5000849185221,2042.898484717657,1977.2127781748532,2017.5463164872212,8981362,-0.0058614028689722986,0.022499544073780173,2002.946949684035,,57.389428591931
2025-02-01,2063.461421834415,2121.0457263868816,2074.3177660281594,2083.2586378748356,7221080,0.032570415286439225,0.02310057003546036,2016.1554305285222,,56.8838239536922
2025-02-02,2081.960983469122,2134.5414780022043,2084.856367661084,2099.6379646688683,2689474,0.007862358756731913,0.022694221419098323,2027.8672803869333,,59.82806555022671
2025-02-03,2099.342341242982,2109.5251947215097,2049.5120828000568,2089.718076951505,5273258,-0.004724570561348118,0.022822841998411413,2038.4303999028896,,54.317606794398884
2025-02-04,2094.9937397761028,2109.243205260815,2095.4919331616134,2108.2081379663873,3559221,0.008848112680278852,0.022544702265572987,2050.8274830381047,,49.34247915493971
2025-02-05,2100.6814300723786,2135.8792257286623,2059.5395940749854,2097.962708457647,3753798,-0.004859780836736216,0.022396258341562638,2063.5918646447926,,46.47355732687323
2025-02-06,2059.599651387523,2043.3427304269537,2020.0106497183206,2042.6568413480022,4577011,-0.02636170170551011,0.0207566720631321,2068.7208685392206,,38.8943353048733
2025-02-07,2048.24429960643,2079.6946251385057,2050.6818884131776,2063.416360650228,8976759,0.010162998934527767,0.01923650744050034,2071.294883887983,,43.74612209962737
2025-02-08,2012.76470171327,2030.744355473023,2003.2429564838178,2024.3193334593896,6409722,-0.018947715999750092,0.019688151137453466,2072.6388413345912,,47.262479927171746
2025-02-09,2089.7051256229274,2113.345975399613,2057.190944208767,2072.152467622653,7284157,0.023629243357331742,0.019569410341376416,2073.82837755717,,54.14338866573439
2025-02-10,2069.473188445508,2068.0584047598327,2052.8115657635713,2061.542208325942,5575246,-0.005120404730103778,0.018161074819506313,2071.211103929876,,50.39354980444249
2025-02-11,2033.1867540288115,2040.5531452282073,2022.5495434827321,2040.3504773812579,5805713,-0.010279552297836503,0.018173242548301115,2066.8215874546286,,52.174118777171344
2025-02-12,1995.622833187516,2040.1586347396958,1993.127228825807,2011.1841682437607,6375733,-0.014294754484989958,0.01820176695090038,2060.080274179923,,41.765637619237474
2025-02-13,2040.2354918391338,2039.5818755990006,2007.1806064211762,2022.673491369949,9133630,0.005712715577023131,0.018186775248844426,2055.1590533012477,,49.080646306803
2025-02-14,2071.42310388273,2098.1267561602413,2054.67071392772,2066.626785316714,6788928,0.021730296132469684,0.01724412861194074,2056.105901231755,,56.13270532151786
2025-02-15,2059.2982133248615,2065.9723622765896,2025.1603542703265,2052.0868835361885,6918057,-0.0070355721138577465,0.01725159468010978,2057.0125287765636,,45.5338903846067
2025-02-16,2087.071749338846,2092.9576336478704,2059.127213265424,2067.035015044746,6319551,0.0072843560516302475,0.017125057641436032,2057.463281653819,,45.30960131204704
2025-02-17,2117.60320066788,2115.2986205254097,2084.256867564456,2096.878009119922,5023968,0.014437585168110889,0.016845933746710395,2061.229367874751,,50.97421205327655
2025-02-18,2099.2054492769885,2090.1573175182752,2074.046552900722,2089.314856805423,7067974,-0.003606863289902673,0.01573215661801047,2061.800521623642,,47.35051335995409
2025-02-19,2109.5200292572877,2142.803723086555,2094.8886417730805,2119.495372411945,8135448,0.014445173501837827,0.014985317739005126,2066.3032056521292,,52.85972663050633
2025-02-20,2116.7368325754856,2125.8141594102576,2090.2617351612953,2110.1505800085793,9271777,-0.00440897042050703,0.014947259791213184,2070.933418828197,,60.21023256454558
2025-02-21,2145.2562868778386,2190.2986341623455,2131.82639067989,2152.8079371379026,8427387,0.02021531426878065,0.013847492725131427,2074.410883791351,,62.68260930404906
2025-02-22,2200.527009817248,2189.268928296544,2149.762356743704,2180.297887672015,8836937,0.012769346517116364,0.01400436426119541,2078.443879941508,,72.88344928841276
2025-02-23,2236.0325281689793,2278.0297648173582,2215.343441194861,2255.157190189855,8174499,0.034334437941308193,0.015647294637943596,2086.715835603425,,74.875789472225
2025-02-24,2314.735062255296,2343.74279062965,2277.472481142654,2319.0849380506725,3926746,0.028347357842242182,0.016551071602479733,2097.2596756076396,,80.57580151226838
2025-02-25,2368.603730128021,2365.26910974486,2331.799623773927,2352.8988610849415,2360291,0.014580717799276277,0.016518075184844452,2110.0064832390044,,86.02641489549897
2025-02-26,2386.885606871727,2423.4886588906966,2395.4466688964303,2406.5385830764776,8208814,0.022797291833785982,0.01506120129774191,2128.200570325428,,93.13740554315564
2025-02-27,2396.1346150014465,2414.3721706604915,2371.1246257211965,2412.140842595542,9123066,0.00232793255776631,0.015113032540931506,2145.636794422694,,93.04809557278264
2025-02-28,2469.077351013962,2503.7538378318623,2446.4624857138724,2459.374239086252,1484442,0.01958152511521072,0.013912447319503207,2167.389539704037,,93.09814122706014
2025-03-01,2485.378148206635,2513.2401013106137,2434.1052439300224,2467.9821202686467,3804976,0.0035000290096527387,0.013589204440753209,2187.181022336337,2041.0164609954293,96.24026542061998
2025-03-02,2388.841335898084,2408.5727273512116,2386.9927509185277,2407.746434285573,5696748,-0.024406856714390246,0.01522035384790747,2204.4912336343177,2051.104184872141,84.41538660249041
2025-03-03,2433.796168033782,2459.4588308783464,2437.639662175056,2443.678180009092,9488797,0.014923392767553167,0.01466918959051537,2224.6576187657097,2061.5893930372677,84.60475642978588
2025-03-04,2498.339625909207,2503.3634425934406,2443.1142982013444,2475.5113740338143,3293339,0.013026753802992008,0.013603262459795278,2247.8739790552127,2072.9307449591206,86.75559369956325
2025-03-05,2545.768130502058,2569.8309595395717,2506.3231832547467,2538.9576306105196,2101428,0.02562955567169145,0.013956643908999571,2273.6881860172407,2085.30232296463,87.5442916581984
2025-03-06,2511.739397217421,2512.991062367029,2467.5905006654666,2488.1188342516502,7060362,-0.020023491430475215,0.015397961284255435,2294.762788463988,2097.3767196947974,81.49120224536293
2025-03-07,2521.0244702754953,2512.4737641276647,2469.447741751053,2506.077294927199,2855873,0.007217686080074337,0.014917843229003228,2317.4623090335385,2109.422056073406,80.69674217801438
2025-03-08,2471.2904879898965,2485.2104673876543,2429.6834088474034,2475.645460462411,9448772,-0.012143214627253651,0.01572485293850047,2337.8928313044216,2120.808086059232,75.53318585201555
2025-03-09,2443.8417397959597,2468.74608217404,2434.961437806204,2440.625424963709,2074172,-0.014145820174170098,0.016501342966453152,2355.0802020966107,2130.5139126413296,67.22015071370838
2025-03-10,2463.3646784393613,2490.0064586502804,2431.2640388634786,2461.7931934744656,3376290,0.008673091861718829,0.016283626729624252,2373.704118930063,2140.048211171775,64.39284926891139
2025-03-11,2451.9775505709567,2452.2307379502813,2409.168326275573,2441.6461701797584,2947445,-0.008183881305753649,0.016621377813659747,2389.811658818454,2149.9406294571877,59.20435620390067
2025-03-12,2416.1895251464275,2423.176542083875,2405.891764410889,2406.2364234816146,6522904,-0.014502407077081503,0.01713857473066913,2404.615950992106,2159.4987731681126,49.967430158463124
2025-03-13,2462.727536276558,2475.7528158276627,2439.5783841463967,2457.8501095769657,5220689,0.021449964596858218,0.01719186098893381,2419.868059614059,2170.14479131131,54.4823948143695
2025-03-14,2410.197389016957,2404.1748856655427,2374.1910432211207,2390.060319461846,5789893,-0.027580929305240365,0.01874995379080706,2430.3561812035505,2178.889113843997,43.4662754121137
2025-03-15,2432.9841432935173,2471.7276577944185,2395.1453317625746,2437.0634448643787,4357669,0.01966608332843922,0.017795236578390713,2439.4514939372766,2188.199243147864,47.28224334618557
2025-03-16,2410.7445270752673,2443.255592988606,2397.5358766154077,2430.782252072688,7901542,-0.0025773612110620014,0.016892324134241982,2445.0363596383772,2197.7078394280406,52.23704031553514
2025-03-17,2427.2775270674056,2445.424995899696,2422.6272551379107,2444.814057858001,8801081,0.0057725474066416815,0.01667393334243758,2449.6321194770303,2207.743489120276,50.11520696900332
2025-03-18,2440.5964295795316,2456.812257976141,2423.5524720254098,2455.733849368264,9003932,0.00446651207488169,0.015962081739024213,2452.0918827916194,2216.337773885423,47.905186478872174
2025-03-19,2408.6979784318364,2445.662808409327,2402.1177842589873,2423.306226986481,2441148,-0.013204860286518905,0.016275705607192197,2452.6501520111665,2223.1939434406145,36.88880538942156
2025-03-20,2421.500599616734,2445.590071167466,2404.5073548280984,2406.9066693224454,4153040,-0.006767430992173584,0.015693663850782583,2450.0267735229763,2230.018384853868,40.013295974591955
2025-03-21,2411.557329238583,2396.0846225353375,2358.050306114154,2389.3168384975493,5336080,-0.0073080651813756115,0.015718049376582246,2446.0935094344213,2235.700969775976,35.62887422469869
2025-03-22,2444.555251664684,2478.6515443254025,2392.36464959481,2434.151508639665,5606582,0.01876463992540578,0.015367272044757385,2447.4137631521257,2241.0387002387733,45.06770858024549
2025-03-23,2521.0922683834533,2539.141582970365,2489.4469773778183,2516.2081687450627,5033238,0.033710580386697275,0.016793239963748693,2451.0402625889246,2247.5064896030876,58.08073820238282
2025-03-24,2477.6380293425777,2498.9918762604875,2497.453158679971,2498.9253072758042,9029877,-0.006868613528855261,0.016669356106427616,2452.2109592510237,2253.388404162053,54.003139871968614
2025-03-25,2528.2043113020527,2559.0421651815286,2497.406480935578,2536.40274726549,8482987,0.01499742304444518,0.015984669716054552,2452.0832150837728,2260.3101514674204,59.847544700342276
2025-03-26,2570.3141697116466,2582.5028510007305,2523.2102011418624,2573.2341853552407,7268988,0.014521131602407866,0.015559835085640728,2456.3389826389516,2269.0692241115644,67.3040519415319
2025-03-27,2613.2273025894365,2622.8369958360213,2556.228636686526,2590.7544332818743,5904722,0.0068086488304657244,0.015552603453237248,2460.5728395566857,2278.3492257889293,64.8183185455585
2025-03-28,2620.9270926909753,2610.099040643342,2600.017163863637,2601.3456611020342,5598766,0.004088086344309794,0.015207631305608127,2466.857849588667,2287.4046541823027,77.00149608791497
2025-03-29,2579.8133672632666,2611.224208030349,2560.7634519672083,2587.838660417143,5444786,-0.005192312919756081,0.014815809300117591,2474.2185113613386,2296.8426937775666,71.07262722262047
2025-03-30,2629.4617813595437,2652.363155304367,2582.876297589896,2626.1136886091044,9210097,0.014790345618297618,0.01500028918407705,2482.4345361180704,2305.979725557258,75.05886477419665
2025-03-31,2583.5768520760416,2621.7101719078346,2593.119496412698,2603.963880684511,4201445,-0.0084344436498196,0.015010523739422042,2490.5504216433083,2315.555095371297,70.00057167093037
2025-04-01,2679.4742612224936,2703.165901836531,2650.426229021756,2659.7181571085243,3344715,0.021411309441572213,0.014912819544466544,2503.2245083246535,2326.257959381652,73.0387826421719
2025-04-02,2584.954875894826,2639.5646466639446,2551.7181187067354,2595.3572224599498,1683646,-0.02419840405892615,0.015752495101161664,2510.0998639688028,2334.792935791404,68.1247118321866
2025-04-03,2604.7770979890142,2645.9474719488735,2592.3770034526738,2626.782667688153,5472052,0.012108331352713497,0.014134933509109174,2521.935981380118,2343.578680841725,72.45204877893764
2025-04-04,2613.8431372923765,2673.738044719481,2609.807103726144,2622.376863021719,9609865,-0.001677262729280815,0.013756320795922235,2531.201652287985,2352.4563272762293,74.45680040275863
2025-04-05,2603.8210256475777,2637.418644284595,2584.483870308582,2596.4639121750356,3697439,-0.009881474784224742,0.014027714950462636,2539.485735293102,2360.59392351304,67.73707843952418
2025-04-06,2599.021148080349,2587.177254369755,2547.2281334498894,2580.697461658346,9127231,-0.006072277932598791,0.01417137309955808,2546.27990548312,2368.639502733052,58.241213284444704
2025-04-07,2521.2438512588055,2572.0349436491592,2513.8749355312616,2541.8858373465036,4369341,-0.015039199630514699,0.014711766332531497,2550.5875048820317,2376.9599859996933,55.20368270287283
2025-04-08,2467.073573740819,2532.4022897232758,2475.2694534110824,2482.757741080142,1579245,-0.023261507420052396,0.015407997102485001,2553.5600805867152,2383.949009006858,43.825963884684995
2025-04-09,2445.8184607115654,2432.0143184639533,2395.968227376917,2427.8669054440293,5903409,-0.022108816630748596,0.016193905245629647,2554.608092392794,2390.674801873269,33.93730759131823
2025-04-10,2368.2695439415306,2400.193191580501,2331.5774027878056,2378.5527876083315,9229278,-0.020311705606728347,0.016776897061547676,2554.069889848333,2395.7814738730303,28.091632303792267
2025-04-11,2470.949475522586,2488.4707296853544,2419.123202182847,2454.409372222623,9830544,0.031891907133398734,0.017780251705659632,2555.082783027481,2402.329259937975,36.631435372411744
2025-04-12,2495.077585808794,2498.0420632309815,2478.5973004158764,2489.561992419875,7308008,0.01432223189622972,0.01634884640600498,2553.750474211222,2409.816118521952,41.397419427177184
2025-04-13,2505.6150162861486,2541.3802181758733,2467.1077606512845,2512.0119485678174,2969178,0.00901763290743407,0.01640412393237794,2554.404806275822,2418.1632481940196,39.72758816632003
2025-04-14,2567.9898149158407,2568.396873848168,2519.214463156596,2549.59401003947,2433658,0.014960940569203718,0.016402415929308665,2555.064369414521,2426.945256838512,45.237495566119584
2025-04-15,2538.653155839172,2562.2699741949455,2527.2000229536475,2551.136012186139,9956624,0.0006048030159300222,0.01606293652775615,2553.959460756066,2435.0204106196684,39.49068396571798
2025-04-16,2553.849399151765,2590.7158630341423,2571.3979151160524,2576.2986484590606,8519036,0.009863306445726971,0.016148467302257625,2553.2366715149255,2443.7572733683833,48.00392473317489
2025-04-17,2600.9224543149303,2591.1593536028217,2541.79072877195,2576.6391634859638,5343682,0.00013217218706640388,0.016117946566154704,2552.001346634122,2452.250675842404,44.38251424490244
2025-04-18,2654.363000137225,2638.728196019296,2624.4330477270987,2628.5016514890217,4692590,0.02012795921835342,0.01670172900687669,2554.034496187716,2461.1110698818884,50.620202929311894
2025-04-19,2560.224662115432,2596.8613971025143,2530.4644480381703,2552.8246827149264,8056444,-0.028790915437022835,0.017613871866741106,2550.370045893007,2468.836233647047,45.98562444739831
2025-04-20,2527.009440823741,2566.714960883535,2494.8797836154176,2539.444482940147,9346839,-0.005241331245884773,0.01755987195464308,2547.144076005789,2475.8353854891834,46.188402026990985
2025-04-21,2538.7979446820655,2552.344436313178,2486.120868944296,2535.395431171247,3579525,-0.0015944635907976235,0.016741577214375584,2540.927939708925,2482.9227996752284,49.359147090908245
2025-04-22,2528.0304982284456,2554.4179044682146,2512.329067807475,2535.3730250811163,4252566,-8.837315810805713e-06,0.015927003786634652,2537.9287298399836,2489.2988844742817,55.88166210578553
2025-04-23,2518.929570798367,2578.6637489123173,2499.9112211727183,2537.5989880685606,5156349,0.0008779627161068504,0.015634030758722016,2533.469545859004,2495.253902814224,63.9035981488848
2025-04-24,2512.7567301045897,2527.102806585178,2484.500107146919,2524.906361482051,2748312,-0.005001825208076016,0.01565245306800807,2528.59602078202,2499.749722335761,70.44066710589559
2025-04-25,2517.2641454165005,2540.1081716432823,2493.067520234549,2501.6295516866376,5746993,-0.009218880410975183,0.015635085065157865,2523.8543027576006,2502.7921325630264,57.73046145281316
2025-04-26,2543.266621289586,2586.0693630217397,2527.209255967971,2549.1956044642807,6078096,0.019014027374905762,0.016263106858383412,2522.279209897897,2506.0637449526826,59.381377036994245
2025-04-27,2527.6031065298143,2565.9168684269343,2537.20651659813,2548.946424674747,4915385,-9.774839918019751e-05,0.01589859902535208,2522.6322392643096,2508.43720897932,56.24676214887826
2025-04-28,2614.1664825760827,2611.997825333486,2605.1179326245633,2609.910011908796,3926753,0.023917170892216122,0.015724204494228785,2528.989852805742,2511.7333618012076,59.45360800380562
2025-04-29,2575.3676894207897,2592.677157993346,2567.1749140950537,2591.7383169401214,9941669,-0.006962575294074846,0.014808727409362772,2537.1834233805466,2513.9394297654385,56.04848692014782
2025-04-30,2577.841355023621,2612.340316896787,2567.271585238533,2592.144600931949,4269878,0.00015676119350938045,0.01375541065708816,2547.8630140467276,2516.008804443161,52.54853277457368
2025-05-01,2619.6252752274495,2671.886523398459,2594.412510080901,2633.339300668407,7087095,0.015892130293058138,0.012478259116415563,2556.809510469017,2519.7686855495413,58.059995679049074
2025-05-02,2630.270138602537,2663.377807866807,2603.5516193149415,2646.274663408339,4159192,0.0049121519344845765,0.01222751928052288,2564.64514401844,2523.1452936061955,52.84085571459715
2025-05-03,2549.0175026142438,2606.3031310222887,2548.8442614473693,2567.041270763124,4409838,-0.029941484812904706,0.01418625438506653,2567.3966101282053,2524.670791885017,52.24684845099205
2025-05-04,2574.5946753791377,2594.200380606703,2521.3955955025617,2557.153483485514,2896078,-0.0038518224814791946,0.013843976191372079,2567.7745838005076,2524.9740560996,52.830044953515234
2025-05-05,2580.3109615853205,2635.042927421012,2576.87634343261,2586.3137328045586,6572687,0.011403402066933577,0.014067746216806377,2569.5334698314286,2526.6106377421484,57.53260300424138
2025-05-06,2557.717539007595,2610.0268777999895,2542.313576573448,2573.9248578853144,9032114,-0.004790167086886954,0.01395084125924817,2569.414780302741,2527.7414304581175,55.50186250665249
2025-05-07,2608.7831936344064,2649.640118643563,2630.956092369355,2634.5471472577274,4900745,0.023552470534131675,0.01490846213812914,2572.3101794913296,2530.3897919047063,61.85913421264094
2025-05-08,2519.605369734971,2581.8005254802733,2532.6126408665637,2539.1567041177614,4149891,-0.03620752934304361,0.016395358878626646,2567.842932122766,2532.0319798906066,51.44983600584069
2025-05-09,2609.6418367936353,2629.2633557198574,2566.2061104792156,2604.6400805930834,3364630,0.025789419128456004,0.016171988225894024,2570.433702016674,2534.412761342584,59.651447283330675
2025-05-10,2595.979591977373,2616.7492741420756,2591.2031903688244,2602.30436516055,9333976,-0.0008967517047505646,0.016110966288696005,2573.576696127694,2537.0903979255972,55.4367594832797
2025-05-11,2627.7754846220155,2619.1109426402973,2567.7040647720983,2612.280374137578,4029446,0.0038335288948463386,0.01610452220228358,2577.420943276011,2540.5244637698634,56.35691851691802
2025-05-12,2714.3176657606036,2714.039156231238,2668.448959902715,2696.8548036493103,1712869,0.03237570911187282,0.017499883114946935,2585.4950322044206,2544.5078753377356,58.33186621631933
2025-05-13,2846.6355539834462,2842.9635925370508,2802.781446680084,2833.986862099684,2369749,0.05084888450976677,0.020461857210430263,2600.3144259059763,2551.9066510483663,68.90437146201566
2025-05-14,2832.1123503806825,2827.9041078602477,2805.37356427596,2809.999362396836,5454803,-0.008464224031397127,0.02057184183172894,2614.569075951716,2558.122249673907,66.39726358716753
2025-05-15,2902.0032735300465,2950.928178273986,2886.1076689442707,2905.4332842187546,2860230,0.03396225746489723,0.02119530340367614,2634.759262578322,2566.0331002096746,68.93377193331796
2025-05-16,2928.5060876459256,2920.5453888666343,2879.0902532517193,2910.108982776147,7274257,0.0016092947591634932,0.021064182186881168,2652.8049314939153,2573.788015624977,68.57251161255428
2025-05-17,2899.3789772477726,2920.3145577084038,2860.232498749561,2892.4305028415156,2621614,-0.006074851505309176,0.021209871555183092,2669.9791354022536,2581.066293182865,75.07906375845357
2025-05-18,2860.1878960462195,2890.959574353968,2842.5345654491603,2883.3989428050622,6299411,-0.0031224812584367267,0.0209043787278206,2683.653581947067,2588.7345051131747,75.17828841700396
2025-05-19,2949.478857987908,3015.272094104452,2933.340505629602,2959.2164550356274,8516743,0.026294492622934706,0.02120642340486413,2702.027488851842,2597.9396682083943,76.8457709985725
2025-05-20,2956.1091821718146,2969.3572418512535,2928.0267256289335,2954.997510041886,5313289,-0.001425696652423647,0.021235697944733935,2720.170134307339,2607.3676794007997,77.76048987743681
2025-05-21,3032.85695716282,3075.3975291249308,2958.713678913511,3018.8132958516826,2945982,0.021595884799541443,0.02140208923075094,2739.443834066503,2617.112042521,77.86348697487293
2025-05-22,3035.916918355511,3076.451161511363,3026.162667733537,3042.7143931078062,2583842,0.007917381737044593,0.021396689949640457,2759.2658205514763,2625.8871462603793,90.73682060402754
2025-05-23,2894.747199163838,2936.357200732091,2884.663628382096,2894.1097423386123,4727298,-0.0488395003835409,0.023443546905254718,2775.6192441302505,2632.473553511426,70.6415095408918
2025-05-24,2889.5002060615707,2908.7619578003278,2884.2800309440117,2885.4018224131137,5991477,-0.0030088423386674945,0.02342513133694582,2792.0316610766304,2638.2902047638863,70.0053161945895
2025-05-25,2892.0456559674803,2896.9167552599647,2860.412606881959,2872.339453424093,2043111,-0.004527053697531924,0.023513772034372396,2806.332947107607,2643.2752925650343,68.29747648174471
2025-05-26,2877.659316582624,2913.8889697924906,2866.2647210924515,2872.887145130108,7621824,0.00019067791773785814,0.023425023336331584,2821.2810614698474,2647.9775044291714,64.04628743752824
2025-05-27,2919.8675341698963,2939.762554535704,2881.814235005574,2925.0566461421054,5339518,0.018159258744441464,0.023239856237819493,2835.8065364140657,2653.372687513172,58.40665941018903
2025-05-28,2932.7947502919815,2946.2732994936546,2902.2581482871105,2916.603906124369,4680027,-0.00288976968322463,0.021197146245244613,2854.6788965143965,2658.8521082749594,60.131241418152534
2025-05-29,2875.5414901103163,2905.3344704864353,2837.1077773334982,2868.0346379249577,8094310,-0.01665267885619448,0.021358499654698274,2867.84862438099,2662.8841240968904,46.09823734333119
2025-05-30,2918.1804659725826,3001.09709952056,2913.183727125997,2946.702294276641,8741429,0.027429116549512855,0.021876678494206832,2885.0685208367945,2668.596430990093,53.30715142277305
2025-05-31,3026.529493484,3083.2382938083033,3010.4617300690993,3032.0591131659976,6425247,0.02896689599595592,0.02243263748132584,2906.0574577882153,2674.802113591051,61.24362394760084
2025-06-01,3113.447019773018,3101.809033689544,3066.583330644001,3095.1749754237794,7591607,0.02081617142083947,0.02190662237262874,2925.973466376939,2683.132409473781,65.68693182830191
2025-06-02,3120.9350615015555,3127.9788517793877,3081.3313489760417,3090.269452939919,8043507,-0.0015848934301972983,0.01939372740642884,2938.7875959189505,2690.8571892279774,60.847037149282116
2025-06-03,3094.2370277839373,3106.922308795088,3050.934662374429,3088.824334988358,6353799,-0.0004676349339655106,0.01919339878236163,2952.728844548527,2698.6313137607544,61.12771731170222
2025-06-04,2956.9442942915944,2978.314786355651,2949.7080319612633,2972.7953565848843,8888926,-0.037564123375086966,0.020137187011832963,2956.0969481668335,2704.903504500918,46.479306724847916
2025-06-05,2880.9620518365023,2923.9396160219394,2877.688258834273,2908.2987142249776,9988997,-0.021695621333989057,0.02078471293067631,2956.006434739275,2710.3635253770285,40.31769728169753
2025-06-06,2901.290324114375,2912.2811017718404,2844.7389779606024,2881.862542723508,2166056,-0.009089909290323606,0.02084328739243105,2955.478036733374,2716.029803799979,48.92936995405431
2025-06-07,2795.6759105238375,2844.230265070301,2762.8845081506083,2809.552723810813,4188282,-0.02509134902886745,0.02158362735801626,2951.7857257836617,2721.4763868454907,44.03293141031195
2025-06-08,2766.173447862695,2794.724425667907,2738.450401504164,2789.1745892246213,5373944,-0.007253159698156986,0.020627172638012406,2943.283632493112,2727.4981815751667,43.53185089370074
2025-06-09,2758.439250158181,2764.712689161515,2729.0774026745953,2761.89145380396,1265399,-0.009781795491061729,0.020683471043492826,2933.6283296812153,2733.8871593450945,41.711981491701756
2025-06-10,2810.275020438906,2852.677313096506,2803.7870789689982,2809.6718809171093,9474403,0.017299893175505288,0.020433551737426617,2923.171258934487,2739.8082011566685,41.327404960699965
2025-06-11,2782.0691213854893,2785.287866766208,2700.754693293352,2755.5073511405762,4904687,-0.01927788441931988,0.02054650877132756,2908.810906836125,2744.2406238020135,38.670141706973126
2025-06-12,2740.501180432464,2758.330783646381,2665.5858199352238,2715.9915833654004,2645535,-0.014340650464539362,0.01793135161544413,2899.9049988874644,2747.6402843819733,39.16894186933333
2025-06-13,2706.4656496426383,2752.3391153934112,2670.1520840167423,2710.047749425738,1901609,-0.0021884581587315877,0.017932312387482455,2891.137295238096,2750.314513371745,31.192839781121208
2025-06-14,2636.1162319801338,2636.7703911124686,2599.0916551248197,2630.2694951881654,6432672,-0.029437951510071225,0.018885434343970085,2879.0337973262995,2751.6334047551118,17.78374847041698
2025-06-15,2697.0512785597466,2741.2434584628554,2692.7562900354774,2702.8089398158572,5220591,0.02757871190020489,0.020171474495881227,2870.5298870605866,2753.7419096110584,19.007705097714364
2025-06-16,2674.5837188871656,2680.085188299748,2632.865545412918,2650.410933287086,6611341,-0.01938650037628664,0.019857670933168384,2856.7976014178357,2754.9714391077437,17.681143106320818
2025-06-17,2638.244073308782,2665.7665973467765,2652.972907636468,2653.1143361612217,6710348,0.0010199938583796975,0.019895954367825264,2843.6231229196783,2755.381650518947,18.04504481336862
2025-06-18,2602.6167507675677,2639.172195818451,2574.656760511444,2613.2960920708,8140224,-0.01500811463256968,0.01984657475967301,2830.8861956269707,2756.389507341545,20.316096952984353
2025-06-19,2524.912881140284,2588.272211948786,2496.7064923403127,2546.2611352437007,5063340,-0.025651496985165667,0.018884535490437476,2810.8641376753235,2756.503118213271,20.231291840631982
2025-06-20,2433.449589014228,2498.856124639961,2454.879693628513,2456.1197448759726,1259731,-0.03540147124741022,0.017870864844774577,2782.0671692608225,2755.181856775016,18.312775448162398
2025-06-21,2545.9863197986006,2575.872308451876,2518.701088837524,2529.418652770283,7347782,0.029843377159126216,0.018789198291450503,2753.7793531281477,2755.0826172365023,29.18080782423297
2025-06-22,2579.4166493908438,2614.1327386633407,2535.740638472218,2579.5199421328502,2617191,0.019807432552810145,0.019864064338781042,2728.2418775877945,2755.781299804241,35.077994852479236
2025-06-23,2613.454129782014,2630.933253904845,2607.7778899360615,2624.9215636745694,6929316,0.017600802692061768,0.020658179618566502,2705.0467390221047,2757.4482198407827,40.49638675709201
2025-06-24,2675.9289138357954,2687.849725586208,2628.369555335537,2664.2100786974934,9066687,0.014967500578541015,0.020017790914808327,2689.617475127735,2760.1578952909636,39.78682424062504
2025-06-25,2644.6812241248867,2628.9255019411085,2598.4865878331143,2620.0453868895574,4756056,-0.016577030528135972,0.019828620153432647,2675.204808760964,2761.338724998051,40.3534753504716
2025-06-26,2562.116712949821,2579.63850364146,2539.7846677562134,2570.25125943723,1600762,-0.019005062928105,0.020058392843169983,2659.62424459665,2761.693805577426,39.77126922903646
2025-06-27,2521.001389152071,2520.5219670306897,2496.8655695109437,2501.423406303234,8557493,-0.02677864776110106,0.02014841394293403,2644.2177787212713,2759.8856954840003,36.545411832615834
2025-06-28,2496.2116431106033,2499.6301870582643,2452.9054705432386,2483.331201304816,1399077,-0.007232763934657438,0.020148326303791993,2628.925609325281,2758.0789102234116,39.70450286872795
2025-06-29,2513.0424114348575,2559.066224042637,2489.867512462534,2516.149191688298,5071663,0.013215309486804605,0.020549191816817802,2616.638496219498,2756.812320069351,36.15043768012001
2025-06-30,2499.3187689895362,2505.7185389241154,2481.0365031401657,2497.8754748432866,8543358,-0.007262572865462613,0.019904930351256133,2601.048675915807,2754.554589638932,38.07867655775235
2025-07-01,2491.157963852732,2516.3424686610706,2491.3132760650105,2496.4595739429524,9116002,-0.0005668420682272135,0.019670305447135297,2588.0962870559256,2752.0576714811755,37.73204566324147
2025-07-02,2420.8819908661435,2415.5059573451767,2382.08114535101,2400.4788174517375,2196980,-0.03844674974633022,0.020984209611870093,2572.320648760243,2749.2816305926526,34.68133591208465
2025-07-03,2347.3300335012295,2388.0266608643333,2330.13837409385,2352.922498491286,6960377,-0.01981118042563501,0.02118715695759225,2554.46438621352,2745.877780842749,35.6819134056024
2025-07-04,2373.5111947022497,2367.6441276721766,2360.7063728839844,2367.1950395807557,5613792,0.00606587811482151,0.020674084871173854,2541.3106634331493,2742.225802622352,42.58078441538383
2025-07-05,2444.7782726668347,2452.1654016037255,2437.2337135285475,2437.6424759585084,2387826,0.02975987833694904,0.020860187784537836,2528.0523402402823,2739.9544295902388,42.306271237042196
2025-07-06,2529.2122214356523,2558.802713680675,2466.6117743781324,2509.8554007144967,1641517,0.02962408370718661,0.021925604383565847,2521.0245636116524,2737.876233814518,44.36869094056385
2025-07-07,2483.777879576543,2506.85690687011,2477.6265444659666,2481.808971942483,4792889,-0.011174519760791646,0.021992259401114503,2512.4592954007157,2736.9204382782636,38.09758505628865
2025-07-08,2464.2775517233163,2518.705920399782,2436.013504029699,2474.8551479586245,8924908,-0.002801917497467943,0.021813088039382655,2505.5372481951067,2734.757356067689,33.35653553620325
2025-07-09,2497.0307036422314,2487.9650419986424,2462.659004882153,2483.3447204182166,5946518,0.003430331050524149,0.02114708978393649,2502.391427453833,2732.7746953219835,37.18066533597059
2025-07-10,2437.0604729391885,2484.1455646780732,2423.267799282909,2451.662329132599,9768753,-0.012757951413318924,0.019771890626368315,2502.168556666664,2730.097727905234,38.48807322913722
2025-07-11,2480.0859783154237,2526.206875137427,2433.0925126531383,2480.577671650984,1197632,0.011794178249912246,0.018726902270479108,2499.7265076106987,2726.4931090385953,47.806438787058944
2025-07-12,2416.8960378802185,2434.5216931573477,2417.9218666521083,2430.706196778927,8900567,-0.020104782624631334,0.01854014357638492,2492.2858203430033,2719.7717646165825,44.80950847883827
2025-07-13,2445.9903970843297,2449.9369120324473,2413.9648236566472,2431.2923865493794,4142635,0.0002411602731871021,0.01793098151849793,2482.6043614867435,2713.4599816857913,41.06215044298668
2025-07-14,2450.5223423779544,2498.116994877164,2425.063122224426,2463.9576011709637,7141480,0.013435329622343062,0.01785024994269872,2472.591737610417,2706.102053634995,46.532597721225855
2025-07-15,2481.210883081812,2500.9951730759526,2472.593360063745,2474.46792577871,2609783,0.004265627218078549,0.017669327637738593,2465.312864554874,2698.841369351705,47.792848564462574
2025-07-16,2542.517964046387,2576.7459645100685,2501.22641401823,2534.3391539606237,7063103,0.024195596781910966,0.01820436804062449,2463.517259281044,2692.8731802036896,64.48450326026995
2025-07-17,2518.123101239311,2526.8176639608896,2494.002096152241,2523.717846800545,7712743,-0.004190957292941611,0.01716205067337016,2464.63198130591,2686.8784952702813,70.0866605565172
2025-07-18,2556.227504795205,2566.803207163068,2501.8739773785574,2549.9280399565846,8797230,0.010385548126652822,0.01719185399441147,2467.961823238498,2680.05702168563,70.90365490751911
2025-07-19,2569.1012928174746,2602.4470361738254,2557.7483590892552,2589.9129370551964,2033105,0.015680794309510304,0.01728911013820691,2471.650010506843,2673.9722788025188,68.72386617930898
2025-07-20,2577.5587984544504,2618.4612934973775,2587.9149386820254,2589.1259614332407,7749136,-0.00030386180581443156,0.01717123961361574,2476.2125348363406,2666.8108232288782,61.824531184857335
2025-07-21,2511.415511613838,2531.637783060697,2477.729761849269,2521.65693623397,7782486,-0.026058610590703912,0.018277278831817005,2477.4724029508916,2658.126532280981,55.31848022373905
2025-07-22,2587.8797424277236,2620.647757815954,2557.3774731536673,2575.604977208918,9066842,0.021393885980191207,0.01633282740977897,2486.2287109387507,2652.8181195288194,61.948164049832535
2025-07-23,2658.7395766585587,2648.5231083697367,2627.0262677394126,2646.219377591522,8373298,0.027416626776022968,0.01617509861035666,2500.8935548937625,2648.831745448459,66.83504211357203
2025-07-24,2687.7104359839605,2717.224962705889,2656.1996455530452,2678.619052907746,5133498,0.012243760132129689,0.01623500330490867,2516.4647555601123,2645.60307210652,73.42395647047314
2025-07-25,2655.1226789427446,2687.9224885504377,2632.9243911717417,2667.873350920999,3020902,-0.00401165741544407,0.015404154112337332,2527.9762993082363,2642.1861755363684,70.08383502348639
2025-07-26,2644.312634866434,2669.7615723625,2620.2775717990835,2665.185091080453,3184320,-0.0010076414757913543,0.014269860477855247,2535.7427838265344,2637.8549829520075,77.97400286955342
2025-07-27,2679.128155404672,2708.327073506536,2627.4662044543675,2665.726836613652,2106956,0.00020326750851640263,0.013892491673715424,2544.938677060093,2633.673698460162,77.97166684207669
2025-07-28,2653.0543204376618,2674.3746878200686,2652.003091590333,2663.019332143994,1990533,-0.0010156721358207665,0.013854368004319233,2554.3468862693617,2630.2567766971465,75.57981233140733
2025-07-29,2593.6425001442008,2619.4536170652414,2527.0468855426197,2578.458374996104,9208549,-0.031753790191154874,0.015970819244199373,2559.1025689982553,2624.1193780424705,61.22643516790165
2025-07-30,2504.88126581963,2535.0307590362204,2452.979043494014,2500.845332017289,1295013,-0.030100560758105077,0.0172351736934661,2561.5617191424903,2615.2658150233256,46.517529823025335
2025-07-31,2613.060925776036,2608.429484102739,2589.889875783077,2593.802768491293,3141839,0.037170406055867744,0.018913496827512432,2567.222973984505,2606.909611574451,56.2217201192803
2025-08-01,2580.006647928536,2615.4623293292143,2526.2752942466677,2572.7780649054816,3775872,-0.008105744909062906,0.018343638103232657,2574.326567390833,2598.28475510721,52.04733782917728
2025-08-02,2651.9580735098216,2644.702326004184,2609.145312261912,2635.250763118116,5793487,0.024282194824655212,0.018931334945588504,2584.52448621927,2590.7251955760394,53.9048639143634
2025-08-03,2731.171348623488,2748.193517728118,2668.1240469457753,2705.3543470343516,2793488,0.026602244043480106,0.019489876285754815,2596.594323512439,2586.267845416864,58.94275311429616
2025-08-04,2688.9382525648202,2732.1799367354924,2685.939979995465,2699.0009091282395,6686010,-0.0023484679236480677,0.019556574049407645,2607.820972679916,2582.7795486652517,65.06154050358785
2025-08-05,2679.597532209562,2713.7888959448187,2651.699735191737,2703.4803532007477,5504208,0.0016596674930187127,0.019005561827162308,2616.2780326419224,2579.8065121732056,61.8565034855787
2025-08-06,2707.1957948690233,2739.8827261133215,2690.6606806042146,2724.51780963422,4603490,0.0077816198695750405,0.018942094209457975,2626.318030783606,2578.3892636035953,57.9947648437991
2025-08-07,2778.4039172457938,2795.807378870357,2732.9194324198866,2751.434650275874,6057199,0.009879487866246484,0.018933459445744382,2636.3933612995706,2577.7602646211167,57.51912167620538
2025-08-08,2822.55956949295,2863.4987167242716,2805.0261118537987,2819.573861784004,5353193,0.024764975428835934,0.019333656397275283,2647.876407536011,2578.7216380874506,64.00494284201821
2025-08-09,2835.4322673033607,2879.0515532446657,2784.0393861002635,2827.404023451827,3914137,0.0027770727250495675,0.019306168707244185,2659.79031063694,2579.0171737963624,64.83515557244051
2025-08-10,2795.491230344793,2823.302171198546,2760.304002035127,2816.460772075205,3096206,-0.0038704236415643134,0.018048939720416775,2674.530502429002,2580.033064145273,63.527480382315254
2025-08-11,2850.286488148215,2870.886649607742,2848.8157209072765,2852.063529391509,3507194,0.012640956220409505,0.01775199690077529,2688.353430038131,2582.3009299123746,66.01974481327119
2025-08-12,2907.1984817258963,2906.747901535785,2901.1374710004206,2903.910238934188,9180716,0.018178665730402166,0.01725848531154071,2701.2379731052647,2585.531971404182,79.19789657283724
2025-08-13,2896.3856048972343,2915.8417614535547,2855.892131922245,2901.1076699973396,8952030,-0.0009651017787233318,0.017211249335205542,2712.3624039597444,2590.0459409843356,91.47708036927384
2025-08-14,2871.186102411648,2885.954088460156,2833.5667897892436,2863.2208985023044,7577820,-0.013059415852383682,0.017552263947846813,2722.1297813388096,2592.719473629109,81.51534534312843
2025-08-15,2787.9219676330204,2806.037482630995,2773.347677071369,2780.1907122396115,3231180,-0.028998875464385065,0.019002264759731054,2727.8800623967677,2594.8824699449847,71.18855169976749
2025-08-16,2800.407409599073,2836.1221908719995,2770.313531443865,2821.2534084366266,4687706,0.01476974080095994,0.019196392900560858,2735.656390987916,2597.684787816242,69.87058816213096
2025-08-17,2791.5314490640185,2805.2483818753653,2756.9686908998856,2788.3174540283876,3732726,-0.011674227600309783,0.019460301844131576,2741.921297082136,2600.601810515535,59.62745125262504
2025-08-18,2801.3200517655,2799.698017162913,2781.5994937835035,2783.9124896094468,3089583,-0.0015797930083523148,0.01776199051549879,2752.1940028128033,2604.5626664216306,59.898324109366605
2025-08-19,2835.7929624452454,2849.4713380376097,2793.02432039527,2813.576645891467,6117422,0.010655563489418984,0.015883573342362806,2767.830568506512,2610.5202814385557,62.12237380655526
2025-08-20,2821.156825230878,2833.182806560575,2781.3122256980046,2809.762164647777,6557846,-0.0013557410100272227,0.014149445243980254,2778.6285383143363,2615.1926733031805,59.75602181661332
2025-08-21,2809.6711921343663,2859.4045293100703,2795.7146967096214,2826.9164356863803,8470844,0.00610523953039066,0.013857970354225198,2791.335456853381,2619.315948195739,58.83617178036775
2025-08-22,2851.8232437235097,2887.330093098764,2824.8560851335847,2879.72169483545,6528035,0.018679455282960333,0.0134955642121477,2803.5590034392476,2623.56261704842,57.30331987108285
2025-08-23,2820.468495196168,2868.6518555244306,2792.451246539703,2847.6936355059515,9724729,-0.011121928687392924,0.012870363616843555,2810.6759678628277,2626.6206763285613,52.32688597298405
2025-08-24,2758.0983216927016,2798.27814648886,2777.852246023511,2780.236062969714,5779909,-0.023688493626967122,0.014129228154710127,2814.7377255549013,2629.2905209298974,46.3223377363239
2025-08-25,2823.237202970503,2839.9420162712727,2787.670995829297,2830.1794759822437,3443356,0.017963731093820323,0.014596738992843132,2821.072681693976,2633.6226578723144,47.841115521140345
2025-08-26,2763.495648290197,2780.4001224921203,2721.7530430407146,2737.7140981477346,1217846,-0.03267120640906285,0.01649076589017285,2821.732496119652,2637.5608360697224,34.82104296037804
2025-08-27,2740.818901170082,2785.145776917002,2732.5214104750153,2742.7545213828257,5276024,0.0018411065050587538,0.016344142211817764,2821.2984896749995,2641.884558071023,35.59623465509682
2025-08-28,2810.085446064568,2875.7389701347915,2829.086195367073,2830.635849391732,3774832,0.032041266297721194,0.016993223314504168,2821.8515890553863,2647.12600236608,47.283167135013144
2025-08-29,2740.911770082731,2765.5965670813243,2681.307453800228,2716.0355075239654,5997612,-0.04048572404408457,0.019267189501774654,2816.2831632589928,2650.762002910758,44.9184664295282
2025-08-30,2756.2312063375457,2827.0813893484046,2758.327694311408,2782.846028082599,8032866,0.02459854459691524,0.020140341972167426,2814.6024260593626,2655.5351104797523,47.07709114010144
2025-08-31,2876.197426535013,2931.0570094994787,2849.815345938655,2882.1875993557687,4517892,0.03569783246025171,0.021537887275671574,2816.108629557576,2663.5635901781525,56.488016447922455
2025-09-01,2853.9936346442464,2899.8462123203426,2805.273351403652,2848.934116810813,8428490,-0.011537584351687724,0.021295661313563356,2813.359823451407,2671.830450483478,54.32175078486872
2025-09-02,2831.968213980604,2821.4302027840563,2804.505502272648,2818.890784954898,9354358,-0.010545463890736184,0.021408458355088467,2809.248979199285,2679.3587129063803,50.353033526213196
2025-09-03,2749.2441409937164,2764.7556072185857,2720.4861974472856,2760.1302229295857,6220591,-0.020845277986267452,0.021703862100903384,2804.0944454206488,2684.7335086892317,46.9271401702244
2025-09-04,2811.947031055619,2806.3586823491696,2763.0797160220877,2785.071301007131,6336577,0.009036196144061925,0.020826058372411544,2804.3384748590247,2689.3204403607756,47.43398607080112
2025-09-05,2789.0057761495696,2795.031460846725,2763.3779483093635,2793.6510356404556,9457468,0.003080615792573127,0.020560769485746686,2802.9583562192165,2694.517808089075,44.41930774056925
2025-09-06,2801.8586590860973,2826.9431692546445,2801.8223086737444,2819.2095641418455,4610861,0.00914879065972185,0.020481033697722105,2804.5029617248892,2700.2570483587956,48.13751025224025
2025-09-07,2849.315763120834,2883.0683719540466,2840.572636333727,2856.1622105262636,6384164,0.013107449284518236,0.02065563487631183,2808.11544777073,2706.4706731939295,55.170866800555316
2025-09-08,2874.8578938960973,2906.3135027612047,2859.349355210825,2891.8442641790934,4015039,0.012493006707155807,0.02070260237217655,2812.028828685111,2713.8070387780376,54.28280647684953
2025-09-09,2894.993440452537,2901.821086045765,2858.9937685211667,2891.5342707259074,4459766,-0.00010719576328022118,0.020695174279062176,2816.1174339890176,2720.6563154292867,62.25159708177429
2025-09-10,2876.214200204029,2924.8452545392333,2852.572376320036,2891.855770946179,4193750,0.00011118672309251565,0.02067048649184854,2819.364400752008,2728.342141665408,61.96568805746391
2025-09-11,2954.9046847185177,2967.9287566849625,2919.3399413141697,2945.5232414835673,2876809,0.0185581421717409,0.02066514756537227,2822.6544780844138,2736.9126559143106,59.75568448188255
2025-09-12,2955.6027964121263,2979.682622738561,2910.895907764798,2969.1221964826536,5221161,0.008011804037642012,0.020500405200023712,2828.725906133249,2745.332065836172,75.41942495431884
2025-09-13,2983.7081213636347,2975.4025873043943,2954.668744813352,2959.482916574934,3151905,-0.003246508317892416,0.019628020881139335,2837.6882488135097,2753.415649016109,70.04275650798917
2025-09-14,2891.93779097252,2941.797577371848,2852.8440693697958,2897.1135848234408,8197137,-0.02107440168084307,0.020031279827975142,2841.0349542555696,2759.4618895304893,51.84874917263585
2025-09-15,2857.955718328681,2929.4712814417894,2848.7127154217983,2879.8238721213434,5852242,-0.00596790985091844,0.01847285294162068,2848.14044295425,2765.3969899525027,53.98357308132832
2025-09-16,3005.859977802009,3018.2204492889605,2987.013784366592,2996.371255324095,4682748,0.04047031637282039,0.020307184228722065,2860.8212796513135,2772.8377102086283,68.71295314299995
2025-09-17,2981.060546165303,3047.6397036282233,3002.2812609034163,3005.586859882343,2989988,0.0030755883610462664,0.019254776552022106,2869.568830175844,2779.765608922414,78.89946846201708
2025-09-18,3009.1987367886054,3028.669444676862,3001.5546100872475,3016.923086171579,5949975,0.003771718076275965,0.016286888064360953,2884.6132091082245,2786.895561001386,78.20111852875124
2025-09-19,3031.835549490547,3105.0736406774226,3025.459001217602,3044.2499824340466,5597868,0.009057869717568723,0.015681800470993892,2897.683406825797,2795.6054451047207,79.15191503541263
2025-09-20,3059.7698328126617,3069.985484057112,3019.7503727719736,3045.548533056533,2879419,0.0004265584725233751,0.013882291620381512,2905.851453510835,2803.4378377021803,77.90480101604783
2025-09-21,3041.8243820819616,3070.8138493001206,2999.8751064369512,3048.1372893750813,6188627,0.0008500131554134427,0.013476951633643227,2915.8116121390485,2810.13646956524,75.85928933231804
2025-09-22,2933.8660788225966,2986.7982101615257,2915.3390410780207,2951.176078313405,3972106,-0.03180998815232339,0.015349606877403783,2922.425876806974,2814.6790866553347,56.859631248166636
2025-09-23,2895.254212812916,2877.459512494964,2841.9402951138145,2877.318174281206,5929545,-0.025026600267920474,0.015707291883555727,2928.2852743745552,2818.169833711338,48.595299528662686
2025-09-24,2894.4871429758928,2909.4872231645463,2844.70262468004,2872.5091234879055,7424757,-0.001671365661360058,0.015644314488358697,2932.6571654985937,2821.625234251462,48.10515108175879
2025-09-25,2708.841757582208,2714.3664559591034,2693.615818967146,2704.897540036238,4350345,-0.058350235367798486,0.020597691056419527,2928.219490718383,2822.2780793085053,30.733002674046546
2025-09-26,2771.493403527184,2783.633976246936,2721.537277016907,2765.439418688759,5410217,0.022382318648457966,0.0211595758387599,2925.5309834457285,2823.9850807509183,34.60199427799647
2025-09-27,2807.9123295429176,2838.3710133188747,2772.201562870854,2794.138230168338,3979083,0.010377667753498132,0.021074136941056552,2922.4297844278326,2827.5797450037885,37.85039448576933
2025-09-28,2758.6788183957415,2748.0452190426013,2717.2071920340527,2747.7466852443986,2753860,-0.016603167453581702,0.021106396049795667,2915.2249054810977,2831.6947675575734,38.76053471731641
2025-09-29,2695.334042651927,2745.4579332579046,2659.1477169554146,2694.1622624348515,1406225,-0.019501223710795212,0.02144135741775219,2905.356305066545,2833.367425789966,36.753024801685456
2025-09-30,2659.8644886712173,2701.3655577549084,2635.6616851916065,2671.805151174821,4825883,-0.008298353655887603,0.021453232639662062,2894.353774077977,2835.0178772277886,23.24620465664242
2025-10-01,2711.4584626438573,2702.911343578866,2644.3979064503114,2696.1685790620604,3595565,0.00911871431811817,0.021036917545620044,2881.8860409569015,2836.033174160188,25.116241230328114
2025-10-02,2752.3117060661475,2797.5045997194848,2723.03485361414,2754.516905629663,2284939,0.021641201155122358,0.02166472683224736,2871.1557764142517,2836.8525501367762,30.380537570229464
2025-10-03,2730.877447853375,2755.5152802381413,2688.8136699507963,2721.2434467582707,2986040,-0.012079598714165973,0.021748754064415596,2859.243802923419,2837.223259097277,26.062455932617098
2025-10-04,2712.562277002317,2710.989541695741,2642.0864243294036,2694.336503643709,7305259,-0.00988773832294021,0.021426923788845385,2849.104948864432,2837.0708616046595,24.92397384918081
2025-10-05,2634.950839309271,2664.3411723635422,2596.6284557075046,2617.408292527321,4068970,-0.02855182009090307,0.02215211971986094,2835.9841698847313,2835.2857029862116,22.19789860601807
2025-10-06,2623.4054980676565,2639.856659324934,2597.4742335641176,2633.4392805055654,7422913,0.0061247563186885845,0.019672447109620694,2817.837571143805,2833.3191134900394,27.09852096916636
2025-10-07,2588.2322958323593,2614.12594075504,2575.0924672656665,2592.0931360444306,6804575,-0.015700435839628435,0.019652109135155745,2797.162884951909,2829.527768061046,28.430994331278526
2025-10-08,2742.339162208951,2772.4273053892866,2719.143054925868,2743.9265917426915,9700619,0.058575617359938326,0.024486624761258742,2783.513060230465,2828.136477532561,42.04528970591355
2025-10-09,2737.359749843647,2802.232677379381,2742.5477460767206,2763.2289700365686,8057684,0.007034582613093088,0.02443201574232223,2769.462009610591,2827.249280831917,54.41966980845074
2025-10-10,2728.7921534192956,2763.3833286528998,2683.1317398263914,2723.6305925298634,3067296,-0.014330472767944857,0.02449664058952424,2753.3661125842577,2825.1087318842233,46.728387498905114
2025-10-11,2627.8276001855043,2681.483788796188,2633.320891753569,2635.2815480567224,7584812,-0.032437968906450454,0.0251791925883838,2732.7233255183396,2820.6315870362655,38.63058000273918
2025-10-12,2726.8424358535462,2784.1147369538,2726.933921496505,2736.4103519593746,9561444,0.03837495237547772,0.02639361736841326,2721.985039200638,2817.8866317356324,49.24760623723769
2025-10-13,2796.969679002878,2849.0294704435264,2757.639183449101,2799.0576499905533,1703716,0.022893970557566812,0.02650576829077909,2718.072012986105,2816.8172442604364,56.87916222671917
2025-10-14,2817.4491336244664,2832.183725866416,2800.455967919144,2825.161363339479,4281322,0.009325893430245591,0.026605957855420442,2715.704624978684,2817.566755112101,60.00809868838556
2025-10-15,2883.440577415561,2932.5048621023034,2840.2999949184086,2875.239522680122,5788817,0.017725769575670514,0.02310728667622004,2724.2217241108783,2818.4665236828255,61.30676401994301
2025-10-16,2896.064319047935,2899.144301508676,2888.5210806814835,2891.214029293317,5265923,0.005555887252935543,0.022678642492233458,2730.510454641106,2820.1814666039077,59.11920301758729
2025-10-17,2942.8253743632586,2942.3629338243086,2909.5243438709276,2922.7642382058407,7417259,0.010912443213425993,0.02268877215134368,2736.941755042981,2822.495662413848,63.474636102691804
2025-10-18,2934.0199450672717,2978.1983919055983,2920.4990141164135,2953.571345802728,6585065,0.010540401170297198,0.022294672533166738,2747.2329880708976,2824.8289074123686,67.24373369643395
2025-10-19,2932.246424819556,2951.8061736752566,2883.8182895841123,2931.7802472722183,3620502,-0.007377881208617709,0.02178530237988981,2759.113887312766,2826.862542122776,72.56664189587612
2025-10-20,2994.3738058552613,3024.6474509737886,2944.374176588268,2986.9254150882684,8491336,0.01880944790025052,0.0217931503799424,2774.869900508438,2829.529358446141,74.02525038066658
2025-10-21,3108.144789162788,3130.0247907055145,3080.732302154646,3082.355035334615,4809241,0.03194911388288757,0.022559834338770374,2794.179223322066,2832.9065807877937,81.03949129678112
2025-10-22,2979.672860834525,3035.1325173782275,2953.9387617075527,2983.7193884277094,1161334,-0.032000092713588946,0.02387237075804518,2805.6393474619686,2835.1736766698227,66.27830316755745
2025-10-23,2903.1563678336447,2938.4740391957694,2845.092247884615,2902.137425009238,8156798,-0.027342371315105973,0.02465379589770455,2814.6840463745166,2837.2053660371485,58.69459517501168
2025-10-24,2945.817286566219,3008.280014376927,2919.014931206857,2956.54638900892,2659500,0.018747893718199293,0.02466629327878144,2827.7945406427775,2839.31148125426,64.3133502595712
2025-10-25,2919.712848997208,2914.350120282208,2880.230209834174,2904.67286922719,4581836,-0.017545308936998905,0.023993301394430563,2842.1577694777707,2842.0941274389174,67.33187403619684
2025-10-26,3053.2222423071476,3077.297488699679,3025.0735371417363,3030.4081659180206,8362083,0.043287248634054754,0.02544026414092421,2862.0062137483937,2846.8883548478375,68.33447547402021
2025-10-27,2992.5558696736366,2996.8892176906847,2975.37070749948,2983.438294855589,3487389,-0.015499519698595643,0.025430720872344523,2881.5734716889515,2849.435062272235,61.72778270756531
2025-10-28,3020.5048362368434,3039.2256978111427,3001.935701494401,3023.6435359096404,2824498,0.013476142986894812,0.022478501489894477,2895.559318897299,2854.561862745329,62.40224649674105
2025-10-29,3013.3918251787118,3031.6260405293206,2936.266614047291,2994.61294667291,1551843,-0.009601194351104958,0.022709943549100522,2907.128517729116,2858.0913113885013,57.660600634113045
2025-10-30,2982.6462674830436,3003.043974848896,2957.577229101118,2966.443654923239,3570512,-0.009406655301135824,0.02252357666634236,2919.2691708487846,2859.4955789812925,54.7533446618167
2025-10-31,3021.8538185645766,3029.455703176553,3011.0033623327486,3012.448911709914,2897635,0.015508555744965014,0.020874170328652773,2938.127539031444,2862.220825562944,55.565024723745715
2025-11-01,2985.2928679004167,3024.3950121045796,2968.9908876977715,2987.4300800569226,4737685,-0.008305147202908092,0.019751113771950938,2950.6785254363217,2865.029813814645,52.11616994143293
2025-11-02,3063.974320186019,3097.3590420062974,3031.3329144666,3067.7488479090966,6008274,0.026885572448491768,0.019964892893491112,2964.113085332249,2870.1567908976363,57.91870481580446
2025-11-03,3170.5741974006573,3160.2736391075905,3138.06522139543,3152.642438973956,5020299,0.027672927372369704,0.020596176891932952,2980.4871391139727,2876.282976530417,59.328009518049534
2025-11-04,3163.4019001656866,3205.975453102594,3156.730289443874,3175.015911553878,1708843,0.007096736472025578,0.02040578256263578,2995.4759585576603,2882.6390577956404,55.68318010377819
2025-11-05,3203.608676995707,3276.15123702467,3188.343647155316,3214.9173265391105,1307071,0.012567311817251348,0.02047291109858174,3011.6611234199504,2889.234187168928,65.28104394083549
2025-11-06,3181.1517855720103,3212.887612538779,3125.3664316768077,3164.7181974987466,9887628,-0.015614438550556331,0.020958604945716608,3023.7588213845956,2894.3767869518033,68.1064404967565
2025-11-07,3100.174170644104,3134.75018954368,3083.4676193360597,3118.738207957494,1400244,-0.014528936439773044,0.021305755216160398,3032.0171644923334,2898.158352681443,61.3155883575182
2025-11-08,3097.098272335549,3153.510692197469,3087.6670086414433,3110.7224319055613,2168948,-0.0025701984320070093,0.021210135022805356,3040.9642737240006,2901.811488701104,65.31246311235815
2025-11-09,3116.4137104902547,3145.1305345329392,3026.820363238263,3087.6240327824016,4060786,-0.007425413108623102,0.02100285018327164,3045.9992046087077,2905.0742930650404,55.01735459131441
2025-11-10,3108.783710761307,3117.0990681342073,3083.561545811366,3091.4901448965134,7166298,0.0012521317599112347,0.01977457350075302,3046.4559600868024,2907.50707478859,60.2501231473707
2025-11-11,3116.104489628469,3207.316226267643,3099.518696550677,3147.533837779767,2441678,0.01812837507367493,0.0186028698233394,3054.6466825544053,2910.480602143542,61.40974722200698
2025-11-12,3091.234219475897,3126.2633442612423,3052.7423658856524,3108.097627243886,3644468,-0.012529241167332117,0.01760615811649707,3064.9446926661376,2912.9575139880244,60.254888103189245
2025-11-13,3055.7214117587096,3048.5038919163762,3041.4267764795873,3046.609851393352,7906729,-0.01978309024516023,0.017963536537406094,3069.447865785359,2915.4491184308563,56.832675267125666
2025-11-14,3092.307725860791,3115.5713065561986,3097.6261732956837,3101.2799312909883,2117192,0.017944562173798806,0.017718451347706145,3079.2782188885494,2919.1400527503506,57.460989050517746
2025-11-15,3129.976861494046,3153.685856435968,3108.4298068750572,3113.3617082668857,9607707,0.0038957389347527016,0.01504166940456954,3083.425896005993,2921.08989363273,60.812065560944085
2025-11-16,3166.804427278943,3203.5445331583896,3122.7518599748255,3177.936840252348,1572101,0.020741288046935313,0.015074180038205685,3093.1508232758306,2923.9623933055636,59.723226849329144
2025-11-17,3322.8306406118104,3359.2757118980994,3265.579455592037,3303.1727263059047,9252597,0.03940792166392226,0.016991538613038423,3107.1272827956436,2928.733220641136,62.40024755326836
2025-11-18,3288.1785416063826,3338.506532946987,3243.9958232336585,3279.5834762413374,5546140,-0.007141391631356853,0.016892200414091996,3121.3758092740654,2932.6554455379237,58.59675237679408
2025-11-19,3405.3919621703503,3403.829169089587,3342.090259661584,3381.1987507828608,9036770,0.030984201279725454,0.017520956207482306,3142.1135640670464,2938.249615833363,62.411016066833305
2025-11-20,3359.239264223359,3441.585205177086,3338.9663049766145,3380.895408621153,6588595,-8.971438358584827e-05,0.01745570469587258,3160.5358889126082,2943.795584487464,67.43368267516493
2025-11-21,3537.710164514355,3553.657917449061,3482.6495817801015,3551.6591141716062,3630826,0.05050842599715222,0.01973647341439984,3188.7473406183426,2953.8036350851007,79.06358274568274
2025-11-22,3571.839112924611,3615.692161403519,3516.543385479336,3557.2520671676343,3598355,0.0015747437510855722,0.01932774702108067,3213.222501581269,2965.135866633208,80.07502299665236
2025-11-23,3559.6167775431695,3555.1854707216603,3491.7289670379537,3524.6852069045894,2570122,-0.009155061167474554,0.01906775663078134,3231.824639977801,2976.0054680234857,79.06656469075422
2025-11-24,3688.431827595396,3670.2063216643683,3606.6937537584554,3656.543812341788,9356718,0.03741003740671589,0.020341566012925697,3255.9010350171966,2991.8662392285783,82.11187045643028
2025-11-25,3654.149050880473,3685.1697891530343,3606.5540714831905,3673.4114074510003,8833735,0.004612988651272243,0.02031046201223887,3278.8257390627905,3006.9991057079487,81.27823964599418
2025-11-26,3657.4436651111005,3678.2547092633613,3635.3556036866553,3635.977888613981,7328543,-0.010190396523811818,0.02002852925588487,3302.3887236185524,3021.029766682043,81.47233355406179
2025-11-27,3590.7609573546238,3595.692493716807,3559.2199119135953,3564.1152387522384,2843149,-0.01976432532408401,0.02035831195573754,3324.6575751582905,3034.635909240507,80.4767521173515
2025-11-28,3442.953052763919,3457.8104952412577,3407.594099358669,3455.1866161524226,4472499,-0.0305625983737694,0.021943482330291888,3341.880784370633,3047.319648469134,69.59019220613129
2025-11-29,3458.334205472758,3514.367094692751,3452.930131457778,3454.048536439277,8112474,-0.00032938299419926764,0.02178040880570856,3360.2020095534767,3060.3570382235407,69.08970139744184
2025-11-30,3361.0136648420566,3437.978960643505,3349.550485873514,3391.3962244569534,8723823,-0.018138804745028603,0.022417915153633016,3375.1973135314993,3071.944165646789,61.98659643327086
2025-12-01,3485.1262534138086,3565.082334140304,3467.5224822060295,3504.407339909138,6522807,0.033322887675939494,0.023136602684412325,3393.0409886379675,3084.442339551447,61.45743033657323
2025-12-02,3556.3763380729315,3592.355998388477,3518.359409550556,3552.751290623575,5969294,0.013795185897450768,0.022795077994116373,3415.2736718069523,3098.300803615869,65.12659990688792
2025-12-03,3685.5814398991774,3750.315274759355,3688.527485917037,3715.8689004996927,8377131,0.045913039369408715,0.023463379498073585,3448.736624262269,3115.3263435634685,67.35047438283928
2025-12-04,3634.2408621677755,3679.769536233337,3655.4094256987455,3667.4968970715363,5090624,-0.013017683003200609,0.023944576445236183,3477.0474725512963,3132.827820305872,64.15302598593507
2025-12-05,3809.4854151162053,3809.7199837339963,3762.1852126244758,3785.4536747238553,9008165,0.03216274777124051,0.02447513299893332,3510.6520708741446,3152.02806020951,62.18057278452984
2025-12-06,3826.759060038557,3847.303006687528,3816.692186303132,3826.2211351548253,7448006,0.010769504512281092,0.024348234516726085,3543.0662856192685,3172.5968601946834,63.51770240760853
2025-12-07,3818.2452381611392,3867.219088737034,3810.7242972487984,3820.8798773470844,7101255,-0.001395961607829288,0.02341090637454343,3568.9516431713273,3190.5460816214236,65.30482061014149
2025-12-08,3838.085125017655,3926.382991717372,3796.272061682899,3862.3030970797668,7708460,0.01084127768011478,0.02316040652518376,3598.0876242132485,3208.86398373881,61.72796917251816
2025-12-09,3934.7007467006442,3947.1149486526533,3907.7350178623733,3934.1017043812276,3725194,0.018589583856261083,0.02268704131366181,3625.7327718931674,3229.038502269666,63.983322645614436
2025-12-10,3884.55459372482,3967.872513705253,3858.7755325923554,3892.016729552429,3156266,-0.010697480134265636,0.02300403456671415,3651.2888379397314,3249.9840886279276,63.665628323326686
2025-12-11,4020.298392848367,4046.645962765346,3974.3445209847782,3993.2754868621455,2998911,0.026017040610552877,0.021161663234025966,3673.3696565742584,3270.931840876307,72.20878599421343
2025-12-12,3922.386592220172,3981.6002280943976,3941.611096902448,3942.585779522422,2729355,-0.01269376668514166,0.021558617514284024,3692.6363421919973,3289.9906430351716,76.84046653754675
2025-12-13,3948.7006146870217,3997.757835590112,3888.3970496967568,3967.293855492705,8224859,0.00626697232527329,0.021285656149579068,3714.766774621403,3309.0261845710584,77.54863593792098
2025-12-14,3963.9632071607143,3980.4132314662106,3919.3547900491585,3968.116324189432,4757272,0.0002073122704506769,0.01999617839295658,3730.3454002137855,3327.240797929547,83.15641952229933
2025-12-15,3969.8261669493468,4075.5926996273593,3947.8686591341643,4005.65869506323,2525896,0.009461005627516839,0.020029715035318155,3746.9577645943973,3345.8148756923792,81.55591552836
2025-12-16,4010.908890552155,4063.735635198282,4000.3690666217267,4006.319461079745,9216348,0.00016495814217254434,0.019761269205120786,3765.474843217685,3363.8741294069446,80.37785687544236
2025-12-17,4118.454570727875,4155.192522979247,4057.7350906115716,4121.184797663213,1698849,0.028671037769042673,0.0195272811944136,3793.3283211632333,3383.334353604619,79.02195804580482
2025-12-18,4115.014266894874,4153.059493869919,4092.353589517356,4101.395094594304,1249613,-0.004801945081455816,0.01764572095315306,3825.6387450853276,3402.8279343933204,82.3945089728958
2025-12-19,4127.712852236532,4135.4748804447645,4096.509550294734,4100.652147464848,3992353,-0.0001811449792865627,0.017641734837627786,3857.9689256366064,3421.3900465995966,78.52497309055796
2025-12-20,4119.792110578715,4111.266401978448,4024.1414183301445,4083.6641358735938,7064831,-0.00414275851263235,0.016774743415448275,3892.5823212074383,3438.0785316085803,74.34604790330751
2025-12-21,4051.9189073201583,4089.381951839554,4054.882892356444,4068.336828329498,4564203,-0.003753322269931636,0.016031322352852453,3920.7787956284565,3456.1554889402764,72.96787781664233
2025-12-22,4072.496530582137,4100.467463366106,4002.2173632750314,4083.0758478177518,1256116,0.003622861161745483,0.015986021453610007,3947.2950234881655,3475.837795987085,71.55907873992969
2025-12-23,3995.2504676635485,4038.881372905977,3992.3043198180344,4024.0949428941335,6831800,-0.014445214128251171,0.013824297517635014,3962.7063256078873,3493.6302718851716,59.01373950027276
2025-12-24,4014.288291352676,4044.376032186615,3971.586553191257,4037.665262131488,1734346,0.0033722661691462097,0.013230303414572321,3981.2147438608845,3512.5134784335764,65.47195229077538
2025-12-25,4046.7619311197113,4090.315122242665,4023.3662308678836,4052.9469913960606,6632934,0.0037847935062613747,0.011570374478612025,3994.5894096944953,3529.5557921915442,57.75541462144804
2025-12-26,4009.7485607011836,4020.6026185226638,4006.5302790514165,4018.0192378876636,1740274,-0.008617865859717577,0.011738681601294456,4004.179314831137,3546.7988079087454,60.222812065262275
2025-12-27,4083.9047045639627,4102.235539428001,4022.92680821105,4081.215595393478,9898757,0.015728236666939788,0.012058673086134957,4017.1961007334567,3564.425008900143,63.98035774761041
2025-12-28,4143.782983899224,4162.347807948591,4047.8433019466906,4126.428151372846,7293332,0.011078208176602988,0.012066513379119969,4030.4023534481107,3583.288595645142,67.51914991440577
2025-12-29,4186.982722259636,4156.900424552647,4070.499730794027,4151.34361551415,8197881,0.006038022044080771,0.011549229512556422,4041.264449004757,3603.036928321657,66.58532849380097
2025-12-30,4266.987113319696,4240.5162141270075,4167.821167916671,4229.608470960485,9028311,0.018852897445985395,0.011627740421954063,4058.1440360751594,3623.3229209758333,71.6029441843337
2025-12-31,4186.461350576083,4252.2049431743835,4191.213387790271,4218.103437722455,4082852,-0.002720117787975096,0.010516416815327813,4069.385433618175,3643.8341436035917,61.72094863989535
2026-01-01,4332.077012513762,4416.837270083478,4280.196919204668,4333.142854866085,9575540,0.027272782387182337,0.01119381724474174,4088.913287385358,3664.9240437195417,72.77880405176165
2026-01-02,4348.299204165646,4369.277006213624,4224.6600952293475,4308.340786891933,7424146,-0.0057238057467455805,0.011429347726125473,4105.96563395532,3684.185682851508,69.49210030299335
2026-01-03,4290.4458785408915,4383.463335706831,4303.488936762693,4315.254766324528,1913453,0.0016047893550181769,0.011407947675321802,4123.322556062075,3703.189663764352,72.15428789218875
2026-01-04,4410.086039639974,4385.980023934551,4322.305216686994,4382.358470176333,9934128,0.015550345804718368,0.011633010158219433,4142.15754481773,3722.647016158306,77.33222332925004
2026-01-05,4507.796987498562,4522.051455469633,4499.152211689392,4499.184340004937,9930815,0.026658218542287226,0.012575500616060402,4166.800788763989,3744.888118533409,80.75268905970725
2026-01-06,4476.6773555630725,4505.533312507217,4462.189351564489,4468.748612338539,4881224,-0.006764721195301249,0.011660265040640116,4184.178979497756,3767.3882919397597,84.30997023153479
2026-01-07,4482.672587398397,4444.313433570021,4423.195775274065,4441.125822788156,9996596,-0.006181325455209996,0.011719746339312323,4201.165515907448,3789.561681787803,80.47067467046381
2026-01-08,4420.092085961689,4508.5576862890575,4390.831324325112,4450.408604428599,4284170,0.0020901865902585026,0.011687531448664024,4218.653338755636,3812.2747579819065,80.29209728580457
2026-01-09,4653.2277850945975,4623.529602257817,4599.471333568364,4615.22800228093,1326736,0.03703466636486352,0.013614945543050332,4245.231532076003,3837.6703889383134,87.99327960420187
2026-01-10,4750.353150020583,4793.875039915313,4702.662428497194,4704.17593339334,6018806,0.01927270571864481,0.013700125978379768,4277.023487329195,3863.614423865206,88.37420254787094
2026-01-11,4694.681211727042,4671.073071368808,4650.318883129411,4661.047865008931,3690848,-0.00916803899238916,0.014174846076260897,4305.922088188753,3889.4969278279573,83.017232806321
2026-01-12,4803.643633337518,4815.471254749425,4760.105009572842,4810.994917397789,5527428,0.032170245131900366,0.014340263068194253,4345.2670869139365,3918.903345594698,85.28910792844198
2026-01-13,4723.955845678632,4741.52619163727,4633.836180393605,4701.97851963849,2384658,-0.022659844716332644,0.015972804752818797,4378.482749789287,3945.581655400489,74.46523902754328
2026-01-14,4820.882137236848,4831.067448313242,4720.3629224866445,4785.98135069832,9498271,0.01786542212155595,0.016097960131858748,4415.134467754399,3973.458649441013,77.35737885088085
2026-01-15,4873.734880755402,4923.481881281574,4789.324339482204,4829.626841715694,2550087,0.009119444439750213,0.015587565534456234,4455.714847945801,4000.9868161320687,75.68479167300197
2026-01-16,4924.835850190678,4900.868402418379,4815.252106067795,4885.355127174611,5529760,0.011538838772711335,0.01552545094461864,4495.921824534858,4027.356522813214,78.92533549953895
2026-01-17,5093.894543697088,5102.439197687521,4999.135798439416,5083.5766732650045,7637476,0.04057464420299639,0.017045219837481307,4543.779250629465,4057.4230760969417,82.31698036043915
2026-01-18,5009.024622426342,5142.173909725592,5031.848475482927,5051.4676535334565,6749577,-0.006316226113085355,0.017439356657123255,4588.78545253043,4085.2608911427847,78.9975702104577
2026-01-19,4961.020093224455,4970.566398981839,4949.967808785484,4955.643829311651,4690829,-0.018969501696161073,0.0184506347578856,4625.087220447989,4111.506698154293,70.14862448829908
2026-01-20,5023.501654185386,5086.012101945924,4966.523967644241,5030.368486117799,9319171,0.015078698021872894,0.0183294948548233,4665.700472867757,4136.151854353397,73.85770160709399
2026-01-21,5056.254035174306,5043.086476737111,4977.834489786558,5033.127018579589,5222396,0.0005483758236406455,0.017896471182013016,4700.699681053431,4160.749770210262,75.69102145637453
2026-01-22,4907.677688501837,4957.054431352591,4910.653514264491,4949.195487631929,1314807,-0.016675822135589047,0.018485603818442557,4732.742416090431,4184.4916082223845,70.32870178814078
2026-01-23,4984.2585079730325,5065.849750350275,4952.866237336224,5012.236665200203,3246683,0.012737661651436971,0.018478449933791885,4767.591511034215,4207.086489103358,67.64441626992284
2026-01-24,4931.101255804285,4939.35114910507,4864.68075268704,4938.4275408971225,1145260,-0.014725785958100257,0.01903122515593196,4795.394964570254,4228.17009132746,60.552943403789264
2026-01-25,4968.762641318649,4956.998343002456,4867.280455791572,4928.85119098521,7874536,-0.0019391496245730888,0.01847640243802497,4816.878307119268,4249.717979700315,62.44050978644527
2026-01-26,5250.914041094695,5386.500921841696,5193.354237559317,5287.818343335886,9133343,0.07282978090456882,0.02370278270550153,4857.831793669136,4278.446364776708,68.5483031833539
2026-01-27,5406.289333583652,5463.035205862646,5335.000610146767,5391.758822905147,6157122,0.019656590453840828,0.02355201197707109,4905.363443674985,4310.722568222587,76.9386502350741
2026-01-28,5337.271577847516,5422.402018718453,5282.933455446214,5323.111832955147,7230982,-0.012731836160470578,0.024042208412278176,4948.998605101313,4341.873623164519,71.23172673418271
2026-01-29,5345.0508031303225,5370.801816566007,5304.897689459356,5350.2159412967085,1913853,0.00509177886772183,0.023144378695667843,4985.748002052102,4374.520618445181,70.85053994956205
2026-01-30,5678.780268271632,5815.258435152525,5666.031168657304,5724.795421226333,2031933,0.07001203017589597,0.026951499003391804,5036.77897644375,4411.527086467134,76.78095003524177
2026-01-31,5753.132496331097,5844.2764962198635,5756.612077882664,5798.461336754682,9127200,0.01286786864998013,0.026565626776143554,5093.649650031039,4448.955587235986,74.77630123309703
2026-02-01,5913.649554615495,6005.983737871259,5846.827212039468,5893.5663825011015,1656292,0.01640177285370137,0.02614439877426258,5147.778223286204,4485.250545269343,77.96417163856873
2026-02-02,5855.943939446508,5830.385065193648,5742.877894660058,5812.0293085110125,5790932,-0.013834929259842532,0.025624323098601635,5203.28076272983,4520.992752126667,78.71102955412601
2026-02-03,5805.028603070633,5833.707665831984,5730.29281579349,5819.131200484097,9533389,0.001221929827966317,0.025658373556964063,5254.938255219119,4554.887377556005,77.69989415532825
2026-02-04,5656.070201019863,5722.124373751262,5629.812028967572,5648.555710263592,8960003,-0.02931287925013859,0.027134286297497236,5295.884698646514,4585.259620474485,69.33386922649636
2026-02-05,5673.786550842318,5729.082976415217,5656.312960116801,5662.491508615786,2147667,0.0024671436499903443,0.027151400294983547,5334.741517718573,4615.953147662296,73.43922671945188
2026-02-06,5694.880339097048,5743.59245080608,5627.491644031368,5679.9024309507,1394586,0.003074781182174302,0.0260372139373509,5364.557805602858,4646.246469893478,72.61808096054116
2026-02-07,5715.6379185390815,5715.62277774547,5553.470965487207,5663.804261439635,8059681,-0.0028342334585438334,0.025962947679400633,5395.174635998167,4675.074845844452,75.57304232357052
2026-02-08,5425.878236112959,5504.999028382346,5411.492133664769,5479.56317604639,3949011,-0.03252956438618426,0.02681376659968234,5421.3706033349035,4701.533953286017,67.28635397633266
2026-02-09,5118.009960369527,5232.108993514822,5108.011002338075,5140.4006235734505,2134796,-0.06189591060024091,0.03060340995736073,5426.872210207686,4720.652705564539,45.31443484535531
2026-02-10,4919.05400662571,4914.9638822285515,4798.64136508793,4896.477443869115,8060031,-0.04745217300490634,0.03250673975238558,5420.039731472162,4736.550899970317,35.544190818746
2026-02-11,4860.571835535302,4953.107687190269,4830.722356802944,4862.878507529101,5008150,-0.006861858698457457,0.03232931282421088,5415.72388246702,4751.47731083759,36.286577749507146
2026-02-12,4964.144806887259,5026.264869341862,4928.379952941465,4985.6772796291925,6664656,0.025252280498055724,0.0327155293202139,5414.395913188471,4768.43666009492,39.72397785640495
2026-02-13,5041.583735657776,5112.9534697945,4992.671831931167,5045.0297136239915,2478026,0.01190458801601646,0.03261623195654968,5419.726021824814,4785.759510404266,26.696526555812397
2026-02-14,5148.898446987164,5234.003920435841,5124.676526956978,5178.056350828263,5739896,0.026367860003883914,0.03306703118953789,5432.186279816966,4805.288458566741,29.563275914494568
2026-02-15,5054.743446393134,5121.777233265609,4980.433495596114,5028.530632948327,9596056,-0.028876803910412807,0.02937485632126625,5419.221894297589,4820.410889154827,22.491191638334428
2026-02-16,5073.564404517978,5166.2516250719555,5075.868237533847,5116.547453416419,9295029,0.017503486981143235,0.02929475854407181,5405.461325823153,4837.330095135196,27.97391144918177
2026-02-17,5127.014578701539,5154.251987274846,5134.144731548656,5150.122518297792,3389931,0.0065620548205713725,0.029247612330752674,5396.811860090284,4854.82126798241,29.161744557202
2026-02-18,5182.219565102196,5194.134385778995,5051.9827773471725,5141.116662625048,6626463,-0.0017486682386190777,0.029209599209133005,5386.356896156702,4872.445476761602,32.42540319026271
2026-02-19,4948.206807680447,4972.892932237986,4860.886179316051,4900.611145310981,2865900,-0.046780793570100676,0.02559315161862723,5345.147682360935,4886.31671537796,27.192511145362204
2026-02-20,4752.422507884414,4835.31187087755,4706.083033058759,4775.6241674413695,1751759,-0.025504365509432803,0.025429577447999584,5294.005823895268,4897.859187371686,24.567745249522403
2026-02-21,4633.5740818642325,4655.283467014694,4595.106951136078,4647.462465049584,6521367,-0.026836639127833628,0.024959219834921813,5231.700628022692,4908.2486460742775,23.110961484826376
2026-02-22,4541.258092894766,4606.210291905328,4509.552365543211,4573.041664433406,4959173,-0.016013211763590607,0.024974666529601782,5169.751245818812,4917.171586112643,24.536784766199318
2026-02-23,4596.672079601217,4605.2810222744865,4540.40019610095,4578.7155863383305,9931532,0.00124073260671409,0.02497517552711654,5107.730465111524,4925.934396028348,30.585656785100255
2026-02-24,4606.149563882983,4640.746766053064,4561.895498076976,4627.896826304751,7465489,0.010741274280753332,0.025086897737544977,5056.697520913582,4936.099022501965,39.2724838019667
2026-02-25,4610.8617450813945,4589.638533248059,4489.563456806252,4573.906566232873,9520328,-0.01166626268870119,0.02492731664486012,5002.268273794436,4944.310538682623,38.643019678771445
2026-02-26,4596.750389201202,4665.2326030480635,4571.3905584742715,4598.861060721224,4993183,0.005455838270195246,0.02500022477405836,4948.216205282963,4952.184420505096,33.531009529958425
2026-02-27,4582.66714585478,4676.147193730572,4584.715669196668,4592.3849604448915,6623324,-0.0014081965492814819,0.025024355723564817,4894.645240233225,4959.535109587274,29.819692163608877
2026-02-28,4617.488599055439,4607.916363961699,4512.990030000495,4576.278795049551,9155590,-0.003507146185275367,0.024492748789882165,4849.481021183383,4965.312948322092,20.04832005025918
2026-03-01,4571.039392796837,4596.678042830292,4554.154025491883,4585.618303445594,2312146,0.0020408521452290884,0.02112135574757812,4821.74190517699,4971.438196084145,24.38019529754959
2026-03-02,4526.798222881512,4576.882853897609,4408.9207864103755,4494.496525688957,3342826,-0.019871208575770294,0.019033895477908187,4801.642859267982,4974.127423931192,14.146895257330456
2026-03-03,4408.864562103007,4507.682903375111,4432.69145025501,4435.946077807235,7880992,-0.013027142761612653,0.01913065331328689,4780.296237781889,4976.254178779781,9.988984311067469
2026-03-04,4566.178419937338,4548.380990467586,4493.929635119373,4536.744303682466,7721087,0.022723050304763293,0.018931587259994328,4757.849588984553,4979.94567106908,19.29835741458365
2026-03-05,4530.674790763182,4542.411141742802,4452.889722296905,4523.453164571752,9157591,-0.002929664583460445,0.018540152985907346,4731.7707615319405,4982.297249309003,25.09037680925553
2026-03-06,4442.7543376747935,4509.025680259229,4437.410150954096,4478.652335346832,4593969,-0.009904121385804432,0.016991107179764122,4696.800560757869,4981.955049231368,28.062750752182893
2026-03-07,4551.673270985703,4529.86101935097,4455.813243227426,4515.982387542279,7507080,0.008335108287112813,0.016510467763081564,4671.173148487566,4982.742278818097,38.78223265056479
2026-03-08,4492.964610686482,4611.257899151863,4490.25355555017,4531.164046289102,3867995,0.003361762169113547,0.015771943669507096,4641.9039781312,4984.242915876446,46.02525148721816
2026-03-09,4413.8785488186895,4437.192596725202,4381.065003963824,4384.2146504855555,4700142,-0.03243082667110542,0.01653706658796059,4603.608584740589,4983.139683310728,35.44310036568538
2026-03-10,4447.476980446167,4501.146132979556,4358.896480441389,4433.207514095482,9439729,0.011174832328180173,0.017034526772121222,4568.213127314111,4980.106008507637,35.424892094150465
2026-03-11,4386.718758665791,4456.806637388257,4338.592205505199,4408.650991293075,9743603,-0.005539222498457175,0.014267606206224078,4543.615119613215,4975.180592805966,37.058047867246195
2026-03-12,4382.40534848867,4414.1167259485865,4334.031899984028,4374.229358400179,3398887,-0.007807747304306334,0.01346697937741867,4523.545379161156,4970.4002843624885,32.66506835850777
2026-03-13,4380.952114938057,4479.597775119146,4382.395714638879,4422.865210180291,4210170,0.011118724647282807,0.012779787458963352,4512.3155164176915,4963.931455908863,37.71731427355132
2026-03-14,4577.542573432308,4607.931097819765,4505.852839637247,4550.547344983827,4537380,0.02886864707286252,0.014131774015279451,4511.190800445212,4961.407602997951,48.39509857434662
2026-03-15,4705.752744595386,4693.733943796468,4680.856203087893,4685.396618990034,5972923,0.029633638281964858,0.015626132012553664,4516.524852077798,4959.731190802814,55.380846948504136
2026-03-16,4578.271478488136,4642.7070374766645,4537.144336029904,4602.0499236244095,3975001,-0.017788610472765143,0.016013257725553908,4515.23250694378,4955.938242167959,55.84919246255386
2026-03-17,4585.267023558639,4614.00461038056,4538.625010074503,4584.704679231905,6637041,-0.003769025690804284,0.015810641308908628,4515.772412593733,4950.927401368914,58.46969549765506
2026-03-18,4509.7406112474055,4532.161757111559,4481.185082576989,4525.860434316938,6767559,-0.012834904106588052,0.016020452230993156,4512.122381273517,4941.6321307197795,49.34922800018712
2026-03-19,4496.519828303573,4585.490154220797,4458.167522789118,4511.683296163968,3895708,-0.0031324735613746935,0.016029225436431708,4508.087298059471,4932.6357247636215,49.29699689087723
2026-03-20,4549.348354020748,4596.543816340425,4531.241716134473,4559.040869675056,5758979,0.010496652890364055,0.016207966038355878,4507.225401790747,4926.025675436345,54.78691076472958
2026-03-21,4546.293888778356,4618.305123510386,4509.136735793233,4588.010981582354,7347277,0.006354431279613326,0.016266046866595087,4507.3450356975845,4918.653050360754,54.332232521431735
2026-03-22,4655.444439839935,4664.096131165038,4562.816213340773,4647.526069471794,2734815,0.01297187128111732,0.015789094770854047,4514.996512886727,4912.2263678756235,56.6443699439084
2026-03-23,4517.478237391559,4637.112571551374,4509.792358418227,4560.737880869806,6875437,-0.018674061706092093,0.01611519847765653,4521.236103039855,4905.752074429589,60.82323755530776
2026-03-24,4603.920771977947,4704.7058469597805,4580.4071302472385,4641.612403917882,7929142,0.017732771573500727,0.015805139888017385,4526.479508051626,4899.575003408217,62.29724384761152
2026-03-25,4625.114262815997,4652.618039823112,4599.535355004674,4651.339570423063,6895935,0.002095643853625262,0.015774913177281944,4532.873828344192,4894.790203900315,64.57528017892487
2026-03-26,4873.385345368116,4889.439102423386,4801.321009573715,4833.301853647059,9674500,0.039120404018889054,0.01760964247092068,4550.606304259203,4893.197714944679,73.42026133534338
2026-03-27,4771.838265826875,4894.317141310648,4794.628080130658,4800.3795977391055,2834752,-0.006811545586194123,0.017737021830888648,4564.826164769044,4885.0737358514,69.57327321082538
2026-03-28,4708.972873753187,4690.8923342574235,4675.135217039916,4689.708753590959,5044478,-0.02305460264023096,0.01868322646442558,4572.753400134137,4873.372901362831,57.34476781715481
2026-03-29,4636.880804323104,4725.563097813773,4562.667899899633,4633.47293509408,1889141,-0.011991324291475092,0.017208066574049104,4585.216314364563,4861.878919731813,47.01154242465602
2026-03-30,4583.999797306788,4676.490148623948,4576.610622466822,4603.1522697576065,7823265,-0.006543831325057203,0.017216179445399493,4593.713552147669,4849.427858539494,50.06756963776654
2026-03-31,4788.450955392717,4863.274091319613,4745.8425167449,4784.310238265436,8838530,0.03935519789297981,0.019011541627497627,4612.496514496288,4833.753105490146,60.188907341405496
2026-04-01,4689.476233672839,4778.995727746089,4686.414077795187,4730.812140994957,4743155,-0.011181987497924983,0.01913888017798566,4630.325653626027,4815.958952227483,60.51921543383367
2026-04-02,4613.051708413948,4640.449485565481,4573.875763488302,4594.284882464528,9251177,-0.028859158736689094,0.020412370585585263,4638.896637240238,4794.304260560208,53.7665065614391
2026-04-03,4561.125462529975,4644.069414472927,4565.353728246226,4602.209855593862,3338908,0.001724963369072352,0.019416949317570934,4641.47976277074,4774.140603011589,52.041868328560916
2026-04-04,4572.885114855377,4617.09145697322,4536.364197044283,4579.6422454335425,4575922,-0.00490364648037267,0.018210551941683598,4636.192044092915,4753.482453760746,49.60175150050117
2026-04-05,4639.804555839603,4714.858659982541,4549.849258367668,4627.363029740982,1366154,0.01042019916621717,0.017930819034650606,4637.457699398745,4736.462575752035,49.02959524197337
2026-04-06,4798.163971523812,4777.01971465645,4731.382572639547,4752.030700786432,9599971,0.02694140707011461,0.018844372026925894,4645.82400047647,4721.288228954879,58.882649636077794
2026-04-07,4734.712747587286,4779.237454443553,4699.097610991965,4732.575004870839,9433621,-0.004094185652540827,0.018582699964744605,4656.159729004166,4705.499438520215,54.47933157964285
2026-04-08,4845.2480875316805,4801.639505632722,4726.535817301444,4800.479931418807,6860622,0.014348410004718204,0.018719471094108132,4670.599560766907,4691.110699686534,56.94621524377587
2026-04-09,5031.06093538328,5075.174939377498,4899.096718073839,4986.982026146817,9220717,0.03885071855156963,0.020302169630083428,4691.996618590495,4682.901013854876,57.12751595628419
2026-04-10,4836.628688113132,4855.743239108626,4760.032789122991,4840.880107850538,1851944,-0.029296660290786036,0.021667538708888857,4704.640074903905,4677.909005259494,51.69990745120003
2026-04-11,4994.267280835252,5051.559162023919,4915.473559755884,4953.802481301058,2172895,0.02332682713364287,0.02204117908399333,4719.953895495368,4678.864422550027,61.063761601724714
2026-04-12,4816.85609170774,4920.613815802705,4756.918777508158,4837.322293429872,3966037,-0.02351328869305136,0.022321328691517057,4733.783116123372,4678.438485648372,58.129571148716025
2026-04-13,4931.774919285722,5054.8172122059295,4939.532925273409,4961.971046622917,2809330,0.025768130720242644,0.022666636079500695,4749.801048258623,4678.043381764934,63.308508900299685
2026-04-14,4904.459983732767,5002.755325125612,4910.530093774303,4949.881524401048,4857844,-0.002436435462495612,0.022704931884046892,4764.728145957522,4676.457578611219,57.02161236949818
2026-04-15,4796.014444682795,4837.671903486189,4727.242670965221,4761.158274802591,3514840,-0.038126821554843815,0.022870945692497893,4761.120967015298,4669.509277344124,51.15451525748449
2026-04-16,4812.588528963091,4876.465076766145,4801.514535866934,4825.783629167766,1056379,0.013573452222159998,0.023028735231633544,4762.391168586732,4666.130160614447,59.31708135508975
2026-04-17,4676.814430440305,4771.319088785583,4652.568104492858,4690.321147418784,2194567,-0.028070566804990205,0.023324354157733065,4762.421788278123,4659.02638884782,53.21603959071013
2026-04-18,4625.920346597743,4607.182449367137,4528.730673005857,4582.0732418527305,9991257,-0.023078996547096775,0.023758713382620957,4759.851803616056,4649.558900907069,50.083507661854654
2026-04-19,4611.671024407472,4612.945302067478,4500.352928138786,4574.366721767277,6073506,-0.0016818849631344834,0.023716190305637937,4758.41252621654,4640.11306855944,48.128051544187414
2026-04-20,4364.691848094837,4361.129082421172,4286.82346786577,4336.056815150041,3183654,-0.05209680839169073,0.024521981263434293,4735.999855060769,4630.703829723425,36.39880055065293
2026-04-21,4295.98427244141,4339.049266743372,4221.758559449212,4302.974055874358,8794441,-0.007629687683079478,0.024484782040604766,4714.607950804739,4622.826327863974,36.07730314056467
2026-04-22,4254.86667360434,4305.939445125406,4216.406164776546,4278.940997809969,2266766,-0.005585220303984673,0.023806896495077532,4698.840756572011,4616.684303409981,32.603029615495956
2026-04-23,4266.412024879641,4225.837755937032,4202.5105176182105,4225.264102676282,7856893,-0.012544434513390046,0.023862825459352508,4679.993468926133,4610.888010714028,22.120933536137272
2026-04-24,4366.613486514628,4359.233453718743,4262.811286249014,4329.069378267348,4490412,0.024567760279248674,0.02469884291887024,4667.464825567823,4606.727240579512,30.669088115138123
2026-04-25,4259.974663235517,4343.100384401782,4253.060467555119,4262.016799937014,9893867,-0.015488912852020587,0.02466396522001494,4649.197514077625,4600.629240140051,22.933655972709417
2026-04-26,4319.753035994892,4355.768545401657,4278.712535515831,4317.217781767667,6950901,0.012951845199546952,0.023933398208208712,4627.456868126686,4596.351093732296,28.62581695155555
2026-04-27,4420.037831158268,4473.182746935366,4406.486600773534,4443.156128999984,5002613,0.029171182367536685,0.025091886052324673,4612.985924333143,4593.756011536942,28.701389311319772
2026-04-28,4435.275763539677,4515.382764984634,4426.913589540648,4441.073816536916,4079670,-0.000468656154006597,0.02477410908917973,4595.015618589049,4591.234159138476,28.93916520246634
2026-04-29,4400.6866484432185,4518.0669415384655,4367.482380515368,4434.874136441956,1190993,-0.001395986725524545,0.022692391886711287,4567.410224103806,4588.87741482835,34.09028263358499
2026-04-30,4484.808029024695,4592.295682638315,4437.923775278077,4515.47993192325,3468375,0.018175441512295887,0.02256600855430736,4551.140215307441,4587.708441969644,35.10167288575616
2026-05-01,4557.47201697988,4631.548525351943,4572.267835095394,4597.324165064442,2417646,0.01812525675567178,0.02227189403851201,4533.31629949561,4589.422235959235,45.29265656121414
2026-05-02,4707.20668285892,4748.196083779911,4675.93524903071,4689.195144824374,9159330,0.01998357663313577,0.02233727002902614,4525.909942065336,4593.643053742854,55.51373661051826
2026-05-03,4764.085802708328,4740.860779748271,4680.142610896751,4721.239723915155,2557904,0.006833705593624062,0.021515137864220945,4513.873375929948,4596.717977413398,57.37501322057985
2026-05-04,4551.807531572159,4600.872907826936,4526.956329583063,4570.732850688697,7911667,-0.0318786763705462,0.022511925769951816,4494.91594224433,4597.505972182014,62.92348126130083
2026-05-05,4523.926823873832,4609.7698283807595,4503.515808560188,4546.2183177703055,8012270,-0.005363370321391225,0.021020058987241012,4484.168944392715,4598.632071889073,63.52294417479444
2026-05-06,4565.361044274759,4599.029139143794,4526.168142829416,4539.427371594759,1827152,-0.001493757162739362,0.020696456976851223,4469.851131514066,4599.022821623281,64.76455791825201
2026-05-07,4584.140917317551,4686.501983327223,4564.870940917484,4628.753547316061,2791656,0.01967785106118347,0.020385499134092617,4466.772751508929,4600.6493133070635,71.98173842187492
2026-05-08,4507.793333935695,4538.734457716659,4449.780074752609,4498.302323282156,3810282,-0.02818279752862307,0.020712855010753792,4462.5842055804005,4602.5507745203395,58.959535449388454
2026-05-09,4479.766970954251,4506.250392531734,4473.212630609359,4475.740319371786,2021495,-0.005015670866227451,0.020734438970816962,4457.652885460626,4603.259654608279,61.874338092570646
2026-05-10,4514.364588451475,4562.3126701776355,4461.344430754276,4496.795765365684,1977738,0.004704349334738289,0.016882649077178638,4465.689832971408,4604.728734176156,60.370721222686555
2026-05-11,4499.540227061742,4596.159604480639,4497.476517114155,4535.364346704374,2968677,0.008576903055225404,0.016786950850496356,4477.309347512908,4607.414317314558,55.92275502289597
2026-05-12,4647.924461062678,4660.243658195751,4609.393363431669,4647.685198796282,4571493,0.024765563140153546,0.01735438640185673,4495.746557562225,4611.1613171248255,61.62485876613164
2026-05-13,4692.95752832442,4754.848048611194,4685.553876804101,4691.186246699558,2236965,0.009359723398336683,0.01692219128062884,4519.0426647633885,4613.505298820088,63.84029574087599
2026-05-14,4548.766241280122,4547.20061878366,4462.605688080948,4538.484584433055,9770324,-0.03255075672468455,0.018279017241705844,4529.513425071674,4611.056764910803,51.152469410067496
2026-05-15,4529.468140961006,4581.147103014665,4433.832428329555,4492.763314264679,8779246,-0.01007412701702215,0.018036665938682313,4541.050750788057,4609.235321421475,44.565083757073864
2026-05-16,4473.953098198243,4503.015894852607,4428.150973690329,4472.195985121779,2457784,-0.004577879515174632,0.017942805528323617,4548.799660955763,4607.360176519639,37.81769395011969
2026-05-17,4482.875579672355,4527.452369766814,4472.829979232235,4520.180774995414,8614405,0.0107295811796424,0.016912882685198846,4552.650893255534,4607.265515530948,38.911041485721256
2026-05-18,4588.681574915632,4658.438043895632,4589.964084097859,4609.930837445943,5977475,0.019855414400018256,0.017423100872008903,4561.093744300985,4608.902974552314,52.31717006298321
2026-05-19,4615.803826967359,4593.010040993041,4511.5831534702,4581.414243585772,7952060,-0.006185904922593299,0.017505150238065703,4568.420749658177,4609.275864117492,52.070792007203984
2026-05-20,4670.320214071616,4739.658974384874,4708.859124250522,4712.19612015974,9662557,0.028546180201248772,0.018158014472452175,4578.256559070001,4611.345616427116,58.87077258409236
2026-05-21,4761.220596869015,4793.305402576983,4683.62819913404,4717.171701298427,1431255,0.0010558943243896834,0.017771674430074824,4584.2489358817,4612.50637695756,54.97033710967638
2026-05-22,4786.606586730325,4872.236953218046,4704.668001005324,4798.964032605439,9976240,0.01733927371871946,0.017635758887833364,4589.737380270753,4616.47681281982,67.87951438260009
2026-05-23,4908.145701948549,4863.575034510635,4807.813760055592,4861.246183397691,4771776,0.01297824913233181,0.01778996911080545,4596.73770324488,4620.1373758111495,71.89081736592262
2026-05-24,4925.155930965197,4984.770556320016,4849.017864251756,4898.031849611333,9411871,0.007567126787216383,0.015975497444626466,4613.102653191012,4624.248913797622,72.38416602322533
2026-05-25,5076.6350736682325,5053.428242817141,4954.697775211802,5041.042545655937,7990670,0.029197583934851723,0.016804261771686185,4637.843864585293,4627.711258664436,75.26642785783841
2026-05-26,5087.989995009307,5162.503204357226,5042.612547050785,5111.62194107401,5771599,0.014000952140126977,0.016831057594928735,4666.453593059256,4632.898631053352,74.18981818883414
2026-05-27,5257.905348754674,5265.261299228222,5171.031261059608,5211.516814922888,7960657,0.0195426960366889,0.016825340345715284,4695.591756439598,4641.59543207555,75.62335647791036
2026-05-28,5144.5255485329835,5194.375040254874,5076.510946248567,5166.351463491169,2045170,-0.008666450293778438,0.015223182537698011,4728.994213450048,4650.476740882167,84.5814809413093
2026-05-29,5152.0424812991305,5237.725427487291,5051.8811540891,5136.829142469126,6606778,-0.005714346232668643,0.01525311796991879,4762.048654604915,4659.37135542736,86.11817592656749
2026-05-30,5050.265220374283,5180.759739790227,5076.925321028722,5099.197798426929,9473729,-0.007325792429239475,0.015582983359451493,4792.168756257977,4664.619481430052,84.50095853142349
2026-05-31,5060.830188948499,5043.860032680611,4991.580992211272,5041.93877395691,2682275,-0.01122902596319808,0.01606077202937987,4817.4974776206045,4669.804925312751,78.41982414465974
2026-06-01,4939.920358745645,4991.266942325028,4807.095149433324,4898.210017071961,2304544,-0.02850664463189234,0.017071104162533046,4830.0237185343885,4674.870344222874,64.8303055266627
2026-06-02,4895.773539695818,4880.426588572943,4788.875396232293,4860.001081310438,9229390,-0.007800591568828619,0.017153361673457008,4838.464460264932,4679.1668646514845,64.19018147481364
2026-06-03,4890.5394466831885,4934.773992332415,4814.366911767096,4866.614766393738,7185123,0.0013608402493434646,0.015123769170280672,4854.870969362966,4683.949740000821,59.00452654971865
2026-06-04,4610.878268708419,4735.72260673498,4575.346820983079,4654.584886119389,5007090,-0.043568248248970765,0.018249614507799987,4862.962047955702,4684.403437607128,47.0602839011962
2026-06-05,4620.019669035076,4706.360974866979,4636.913154593641,4646.609561042217,6594695,-0.0017134342314726325,0.01820704366529706,4871.682726751724,4682.646418611391,42.310668805093684
2026-06-06,4723.251507673136,4794.233248801757,4649.900715122304,4728.454244685729,6156214,0.017613849962714312,0.018442859115721494,4882.09640023624,4682.577739274972,43.42776804247976
2026-06-07,4786.579516867249,4876.520334768254,4743.539774200559,4781.502560103662,2477017,0.011218955005761977,0.018111199314385453,4890.674986369126,4682.261449753054,44.324020434712786
2026-06-08,4653.763543385838,4763.956802874523,4601.198932427625,4672.111159578397,9875670,-0.022878038681400148,0.018876035410611135,4895.209832168756,4677.0136019769125,31.421398013494766
2026-06-09,4864.848754152062,4946.475926382755,4796.429210025545,4890.746571595036,3767656,0.0467958497880363,0.0206296863348333,4904.137354740522,4677.844709705988,40.320544145126604
2026-06-10,4963.998230769892,5078.459114968718,4955.689721916384,4991.80146145611,8264541,0.020662467045009292,0.021041041573753014,4917.868842748406,4678.478026041906,40.381159291894384
2026-06-11,4986.216176482334,5025.506772277423,4900.516015660537,4943.204368603273,3388380,-0.00973538175107247,0.02094362894743303,4925.080859548298,4680.242727294795,40.26018790031803
2026-06-12,4992.107490770446,5079.776564262648,4970.1130984099955,5005.757827258201,8729093,0.012654435056789426,0.020934566380283064,4932.3064417413225,4680.97250697205,44.439402409832645
2026-06-13,5013.717283104494,5061.4538512717145,5008.469098638974,5059.31935487432,5604586,0.010699983791556233,0.020992624047256565,4940.370817004472,4682.79647081327,48.33075078172437
2026-06-14,4877.63010129387,4973.36984643169,4817.578910215629,4915.216281952539,3677779,-0.02848269951232618,0.020997111434203297,4934.079503819302,4685.364104265771,45.055104209698506
